person_id,organization_id,email,year.start,year.end
1035,100,Bellerdine@Holen.org,2000,
1098,100,Christophel@Holen.org,2000,
1202,100,Gartenmayer@Holen.org,2000,
1362,100,Mcbay@Holen.org,2000,
1372,100,Mcnichol@Holen.org,2000,2011
1386,100,Morein@Holen.org,2000,
1472,100,Rudolph@Holen.org,2000,
1522,100,Spurger@Holen.org,2000,
1007,101,Amaral@Livermore.org,2000,
1183,101,Folz@Livermore.org,2000,2012
1344,101,Mariano@Livermore.org,2000,
1377,101,Menedez@Livermore.org,2000,
1416,101,Oxley@Livermore.org,2000,
1420,101,Papen@Livermore.org,2000,
1461,101,Riedl@Livermore.org,2000,2008
1032,102,Bayer@Bartram.org,2000,
1111,102,Cosby@Bartram.org,2000,
1142,102,Dienhart@Bartram.org,2000,2009
1154,102,Earman@Bartram.org,2000,2012
1169,102,Ericksen@Bartram.org,2000,2012
1294,102,Knightly@Bartram.org,2000,
1378,102,Merlin@Bartram.org,2000,
1411,102,Orea@Bartram.org,2000,
1425,102,Pennigton@Bartram.org,2000,2013
1510,102,Sisk@Bartram.org,2000,
1525,102,Stanzak@Bartram.org,2000,
1100,103,Cinkan@Gochenour.org,2000,
1223,103,Griffeth@Gochenour.org,2000,2013
1269,103,Javens@Gochenour.org,2000,
1325,103,Lewallen@Gochenour.org,2000,
1334,103,Loose@Gochenour.org,2000,
1387,103,Mottern@Gochenour.org,2000,2008
1414,103,Overfelt@Gochenour.org,2000,
1442,103,Quillman@Gochenour.org,2000,
1145,104,Doughty@Varona.org,2000,2009
1275,104,Jones@Varona.org,2000,2012
1366,104,Mccray@Varona.org,2000,2012
1415,104,Owens@Varona.org,2000,
1538,104,Taylor@Varona.org,2000,
1021,105,Backus@Valadez.org,2000,
1026,105,Bangle@Valadez.org,2000,2013
1099,105,Cieloszyk@Valadez.org,2000,
1117,105,Crummell@Valadez.org,2000,2008
1285,105,Kenzie@Valadez.org,2000,
1385,105,Monroy@Valadez.org,2000,
1574,105,Waldall@Valadez.org,2000,2009
1590,105,Wilson@Valadez.org,2000,2012
1008,106,Amrich@Priolo.org,2000,2012
1079,106,Caetano@Priolo.org,2000,
1085,106,Carleton@Priolo.org,2000,
1115,106,Cowley@Priolo.org,2000,
1190,106,Friesner@Priolo.org,2000,2013
1200,106,Garnette@Priolo.org,2000,
1204,106,Gauer@Priolo.org,2000,
1304,106,Krisman@Priolo.org,2000,
1310,106,Laboy@Priolo.org,2000,2013
1388,106,Mountjoy@Priolo.org,2000,
1437,106,Prudente@Priolo.org,2000,
1506,106,Shulz@Priolo.org,2000,
1517,106,Sotlar@Priolo.org,2000,
1579,106,Weeden@Priolo.org,2000,
1607,106,Zackery@Priolo.org,2000,
1178,107,Ferentz@Blackwell.org,2000,
1224,107,Griglen@Blackwell.org,2000,
1318,107,Leboeuf@Blackwell.org,2000,
1371,107,Mckibben@Blackwell.org,2000,2008
1468,107,Roughen@Blackwell.org,2000,
1528,107,Steese@Blackwell.org,2000,
1597,107,Woodfin@Blackwell.org,2000,2009
1606,107,Youtsey@Blackwell.org,2000,2012
1027,108,Barcelona@Dugan.org,2000,2012
1054,108,Bonnet@Dugan.org,2000,
1088,108,Cassa@Dugan.org,2000,
1136,108,Deshay@Dugan.org,2000,
1184,108,Fontanella@Dugan.org,2000,2013
1299,108,Kornbau@Dugan.org,2000,2008
1320,108,Leclare@Dugan.org,2000,
1328,108,Lindboe@Dugan.org,2000,2010
1351,108,Marsell@Dugan.org,2000,2009
1466,108,Rodreguez@Dugan.org,2000,2012
1487,108,Schattner@Dugan.org,2000,2012
1529,108,Stika@Dugan.org,2000,
1540,108,Thierauf@Dugan.org,2000,
1542,108,Tinnes@Dugan.org,2000,
1593,108,Windle@Dugan.org,2000,2013
1611,108,Ziesemer@Dugan.org,2000,
1130,109,Declue@Mcwaters.org,2000,
1187,109,Fortuna@Mcwaters.org,2000,
1233,109,Hambright@Mcwaters.org,2000,2013
1239,109,Hasselvander@Mcwaters.org,2000,
1263,109,Isacson@Mcwaters.org,2000,
1397,109,Neiss@Mcwaters.org,2000,
1464,109,Rocheford@Mcwaters.org,2000,
1471,109,Rowlett@Mcwaters.org,2000,
1040,110,Bernasconi@Blay.edu,2000,
1076,110,Burigsay@Blay.edu,2000,
1166,110,Engelman@Blay.edu,2000,
1211,110,Gillispie@Blay.edu,2000,
1217,110,Gracely@Blay.edu,2000,
1407,110,Numkena@Blay.edu,2000,2012
1546,110,Topete@Blay.edu,2000,2012
1612,110,Zill@Blay.edu,2000,
1022,111,Bagnoli@Fehrenbach.edu,2000,
1106,111,Coffey@Fehrenbach.edu,2000,
1258,111,Hybarger@Fehrenbach.edu,2000,2013
1295,111,Knower@Fehrenbach.edu,2000,2008
1306,111,Kucera@Fehrenbach.edu,2000,
1360,111,Maury@Fehrenbach.edu,2000,2010
1408,111,Oborne@Fehrenbach.edu,2000,2009
1573,111,Wadlinger@Fehrenbach.edu,2000,2012
1126,112,Daugherty@Haberman.edu,2000,2012
1514,112,Smalley@Haberman.edu,2000,2012
1570,112,Victoria@Haberman.edu,2000,
1591,112,Wilson@Haberman.edu,2000,
1090,113,Catino@Beery.edu,2000,
1125,113,Darnel@Beery.edu,2000,2013
1222,113,Greer@Beery.edu,2000,2008
1359,113,Maurizio@Beery.edu,2000,
1398,113,Neumaier@Beery.edu,2000,2010
1512,113,Skiffington@Beery.edu,2000,2009
1539,113,Teston@Beery.edu,2000,2012
1549,113,Tout@Beery.edu,2000,2012
1044,114,Bibbs@Gerken.edu,2000,
1208,114,Gerbi@Gerken.edu,2000,
1226,114,Grotz@Gerken.edu,2000,
1283,114,Kennemur@Gerken.edu,2000,
1430,114,Phoenix@Gerken.edu,2000,
1501,114,Setlock@Gerken.edu,2000,
1521,114,Speegle@Gerken.edu,2000,
1537,114,Sweem@Gerken.edu,2000,
1004,115,Alexy@ABX.edu,2000,2012
1034,115,Bellendir@ABX.edu,2000,2012
1036,115,Belmont@ABX.edu,2000,
1253,115,Hrobsky@ABX.edu,2000,
1342,115,Mahone@ABX.edu,2000,
1350,115,Marschke@ABX.edu,2000,2013
1588,115,Williams@ABX.edu,2000,2008
1307,116,Kuhle@Maurice.edu,2000,
1580,116,White@Maurice.edu,2000,2010
1006,117,Alvarez@Funches.edu,2000,2012
1270,117,Jennings@Funches.edu,2000,2012
1273,117,Johnson@Funches.edu,2000,
1409,117,Ogle@Funches.edu,2000,
1454,117,Renteria@Funches.edu,2000,
1103,118,Clark@Burse.edu,2000,2013
1448,118,Reed@Burse.edu,2000,2008
1541,118,Thomas@Burse.edu,2000,
1577,118,Ward@Burse.edu,2000,2010
1163,119,Elrod@Ash.edu,2000,2009
1356,119,Masters@Ash.edu,2000,2012
1396,119,Neil@Ash.edu,2000,2012
1559,119,Turner@Ash.edu,2000,
1071,120,Bruni@Sanchez.edu,2000,
1074,120,Bunch@Sanchez.edu,2000,
1150,121,Duncan@Twigg.edu,2000,
1203,121,Gaskins@Twigg.edu,2000,2012
1232,121,Hague@Twigg.edu,2000,2012
1413,121,Orourke@Twigg.edu,2000,
1552,121,Trombetta@Twigg.edu,2000,
1093,122,Chandler@Anaya.edu,2000,
1213,122,Goebel@Anaya.edu,2000,2013
1284,122,Kent@Anaya.edu,2000,2008
1332,122,Liptak@Anaya.edu,2000,
1391,122,Mungo@Anaya.edu,2000,2010
1030,123,Baucher@Vicente.org,2000,2009
1053,123,Bolick@Vicente.org,2000,2012
1338,123,Lundie@Vicente.org,2000,2012
1370,123,Mcintee@Vicente.org,2000,
1402,123,Nguyen@Vicente.org,2000,
1492,123,Schwallie@Vicente.org,2000,
1511,123,Sisofo@Vicente.org,2001,
1592,123,Winchester@Vicente.org,2002,
1050,124,Blow@Lilley.org,2001,
1124,124,Daquino@Lilley.org,2000,
1132,124,Delucas@Lilley.org,1998,
1245,124,Helmich@Lilley.org,2000,
1390,124,Muhl@Lilley.org,2000,
1399,124,Neundorfer@Lilley.org,2004,
1418,124,Pahnke@Lilley.org,2000,2012
1576,124,Wanger@Lilley.org,2000,
1031,125,Baumann@Beverage.org,2004,
1070,125,Brumet@Beverage.org,2000,
1255,125,Humes@Beverage.org,2001,
1261,125,Ihenyen@Beverage.org,2002,2011
1272,125,Jinks@Beverage.org,2001,
1292,125,Kivel@Beverage.org,2000,
1313,125,Lanfear@Beverage.org,1998,
1479,125,Santellana@Beverage.org,2001,
1601,125,Wubbel@Beverage.org,2002,
1020,126,Bachta@Hyden.org,2001,2010
1101,126,Cintora@Hyden.org,2000,
1143,126,Dietrich@Hyden.org,1998,
1159,126,Ekstrom@Hyden.org,2000,
1175,126,Eyrich@Hyden.org,2000,
1215,126,Gorder@Hyden.org,2000,
1488,126,Schermerhorn@Hyden.org,2001,2011
1504,126,Sherretts@Hyden.org,2002,
1028,127,Barkle@Hickson.org,2001,
1206,127,Gawron@Hickson.org,2000,2013
1229,127,Haakinson@Hickson.org,1997,
1260,127,Iberg@Hickson.org,2000,2010
1302,127,Kreutzbender@Hickson.org,2000,2010
1309,127,Kunde@Hickson.org,2000,
1314,127,Langner@Hickson.org,2001,
1333,127,Loffier@Hickson.org,2000,
1358,127,Matrisciano@Hickson.org,2000,
1421,127,Papik@Hickson.org,2000,2010
1474,127,Saddat@Hickson.org,1997,
1513,127,Slavin@Hickson.org,2000,
1609,127,Zarzycki@Hickson.org,2000,
1610,127,Zeolla@Hickson.org,2001,
1045,128,Bickel@Buckley.org,2002,
1128,128,Davensizer@Buckley.org,2000,2011
1219,128,Granberry@Buckley.org,2000,
1234,128,Hammeren@Buckley.org,1997,
1240,128,Hasty@Buckley.org,2000,2013
1259,128,Hyten@Buckley.org,2000,
1330,128,Linnan@Buckley.org,2000,2010
1349,128,Marnell@Buckley.org,2001,2010
1412,128,Oroark@Buckley.org,2000,
1447,128,Rathrock@Buckley.org,1997,
1520,128,Speach@Buckley.org,2000,2009
1583,128,Wice@Buckley.org,2000,
1241,129,Hayes@Langenfeld.org,2000,
1392,129,Munoz@Langenfeld.org,2001,
1393,129,Murray@Langenfeld.org,2000,
1449,129,Reed@Langenfeld.org,2000,
1463,129,Robertson@Langenfeld.org,2000,
1586,129,Wilfong@Langenfeld.org,1997,
1600,129,Wozniak@Langenfeld.org,2000,
1015,130,Armout@Kissinger.org,2000,
1060,130,Bowditch@Kissinger.org,1997,
1094,130,Chantry@Kissinger.org,2000,
1131,130,Delgado@Kissinger.org,2000,
1170,130,Erlebach@Kissinger.org,2000,
1440,130,Qin@Kissinger.org,2001,
1452,130,Reiniger@Kissinger.org,2000,
1462,130,Rineheart@Kissinger.org,2000,
1059,131,Bousman@Kaczmarski.org,1997,
1155,131,Edberg@Kaczmarski.org,2000,
1238,131,Harnar@Kaczmarski.org,2000,
1281,131,Kekiwi@Kaczmarski.org,2000,
1287,131,Kesich@Kaczmarski.org,2001,
1305,131,Kruss@Kaczmarski.org,2003,
1383,131,Minaai@Kaczmarski.org,2000,2011
1403,131,Nicolaus@Kaczmarski.org,2000,
1406,131,Nordlinger@Kaczmarski.org,1997,
1431,131,Pillitteri@Kaczmarski.org,2000,2013
1433,131,Plagge@Kaczmarski.org,2000,
1453,131,Reisenauer@Kaczmarski.org,2001,2010
1496,131,Scronce@Kaczmarski.org,2002,2010
1527,131,Staub@Kaczmarski.org,2000,
1535,131,Survant@Kaczmarski.org,2000,
1563,131,Vaill@Kaczmarski.org,2000,
1585,131,Wildrick@Kaczmarski.org,2000,2011
1596,131,Woldridge@Kaczmarski.org,2000,
1129,132,Davis@Irby.org,1997,
1405,132,Nolau@Irby.org,2000,2013
1089,133,Castillo@Lalli.org,2000,
1252,133,Howe@Lalli.org,2000,2010
1347,133,Marlar@Lalli.org,2001,2010
1365,133,Mcclellan@Lalli.org,2003,
1368,133,Mcdaniel@Lalli.org,2000,
1049,134,Blalock@Herold.org,2000,2009
1161,134,Elliott@Herold.org,1997,
1400,134,Newell@Herold.org,2000,
1603,134,Wyatt@Herold.org,2000,
1002,135,Agresta@Wesolowski.org,1997,
1097,135,Chipley@Wesolowski.org,2000,
1162,135,Elmore@Wesolowski.org,2000,2011
1182,135,Fogerty@Wesolowski.org,2000,
1195,135,Gaboury@Wesolowski.org,2001,
1220,135,Greenlaw@Wesolowski.org,2003,2013
1374,135,Mcshaw@Wesolowski.org,2000,
1587,135,Willardson@Wesolowski.org,2000,2010
1105,136,Clemons@Threadgill.org,1997,2010
1231,136,Hachey@Threadgill.org,2000,
1348,136,Marmerchant@Threadgill.org,2000,
1417,136,Padley@Threadgill.org,2000,2009
1458,136,Retort@Threadgill.org,2000,
1475,136,Sakurai@Threadgill.org,1997,
1547,136,Tork@Threadgill.org,2000,
1572,136,Voll@Threadgill.org,2000,
1133,137,Demicco@Both.org,2000,
1210,137,Gidley@Both.org,2001,
1337,137,Lunan@Both.org,2003,
1373,137,Mcraven@Both.org,2000,
1426,137,Persson@Both.org,2000,
1605,137,Young@Both.org,1997,
1613,137,Zombo@Both.org,2000,
1102,138,Circelli@Warn.org,2000,2011
1120,138,Cuttitta@Warn.org,2000,
1123,138,Dales@Warn.org,2001,
1148,138,Dummermuth@Warn.org,2003,
1227,138,Guevarra@Warn.org,2000,
1276,138,Jurasin@Warn.org,1997,2013
1280,138,Keels@Warn.org,2000,
1311,138,Lampi@Warn.org,2000,2010
1438,138,Pumphrey@Warn.org,2000,2010
1467,138,Roudabush@Warn.org,2001,
1509,138,Sirbaugh@Warn.org,2003,
1533,138,Sule@Warn.org,2000,2009
1534,138,Sulikowski@Warn.org,2000,
1557,138,Tukis@Warn.org,1997,2010
1562,138,Vaidya@Warn.org,2000,
1568,138,Varrato@Warn.org,2000,
1578,138,Warran@Warn.org,2000,
1012,139,Arenburg@Saterfiel.org,2001,
1067,139,Brockert@Saterfiel.org,2003,
1068,139,Brodtmann@Saterfiel.org,2000,
1084,139,Carlan@Saterfiel.org,2000,
1212,139,Gleave@Saterfiel.org,1997,
1216,139,Gould@Saterfiel.org,2000,
1243,139,Hedglin@Saterfiel.org,1997,
1254,139,Humble@Saterfiel.org,2000,
1264,139,Iurato@Saterfiel.org,2000,
1265,139,Ivrin@Saterfiel.org,2000,
1312,139,Lampkin@Saterfiel.org,2001,
1384,139,Mockus@Saterfiel.org,2003,
1444,139,Radman@Saterfiel.org,2000,
1498,139,Sedore@Saterfiel.org,2000,
1567,139,Varenhorst@Saterfiel.org,1997,
1013,140,Argenti@Marrs.org,2000,
1014,140,Arguin@Marrs.org,2000,2013
1038,140,Benthin@Marrs.org,2000,
1160,140,Eldrige@Marrs.org,2000,2010
1167,140,England@Marrs.org,2000,2010
1286,140,Kertzman@Marrs.org,1997,
1339,140,Maddalena@Marrs.org,2000,
1594,140,Wishman@Marrs.org,2000,2009
1116,141,Crotts@Marquis.org,2000,
1147,141,Duffy@Marquis.org,2001,
1221,141,Greenly@Marquis.org,2003,
1230,141,Hacher@Marquis.org,2000,
1381,141,Miklas@Marquis.org,2000,2013
1543,141,Tittle@Marquis.org,1997,
1548,141,Torregrossa@Marquis.org,2000,2010
1584,141,Wiget@Marquis.org,2000,2010
1087,142,Carranza@Donathan.org,2000,
1141,142,Dickert@Donathan.org,2000,
1157,142,Edgar@Donathan.org,1997,2009
1189,142,Fraise@Donathan.org,2000,
1274,142,Johnson@Donathan.org,2000,
1556,142,Tucci@Donathan.org,2001,
1575,142,Walters@Donathan.org,2001,
1033,143,Behen@Darner.org,2003,
1039,143,Beresnyak@Darner.org,2000,
1083,143,Caraway@Darner.org,2000,
1197,143,Gallegas@Darner.org,1997,
1316,143,Lavelli@Darner.org,2000,
1465,143,Rodda@Darner.org,1997,
1482,143,Saulsberry@Darner.org,2000,
1545,143,Toomey@Darner.org,2000,
1582,143,Whyman@Darner.org,2000,
1279,144,Kauk@Jan.org,2001,
1282,144,Ken@Jan.org,2003,2013
1290,144,Kirk@Jan.org,2000,
1345,144,Marks@Jan.org,2000,2010
1419,144,Paker@Jan.org,2001,2010
1478,144,Sandrock@Jan.org,2001,
1519,144,Sparacino@Jan.org,2003,
1566,144,Vanderzwaag@Jan.org,2000,2009
1017,145,Asberry@Darcangelo.org,2000,
1029,145,Barninger@Darcangelo.org,2001,
1092,145,Cervantsz@Darcangelo.org,2000,
1176,145,Facio@Darcangelo.org,2000,
1225,145,Groden@Darcangelo.org,2001,2013
1228,145,Gum@Darcangelo.org,2001,
1251,145,Hoshaw@Darcangelo.org,2003,2010
1361,145,Mcaulay@Darcangelo.org,2000,2010
1456,145,Resendes@Darcangelo.org,2000,
1056,146,Borycz@Statton.org,1997,
1065,146,Bridgeman@Statton.org,2000,2009
1158,146,Ehn@Statton.org,2000,
1323,146,Lendor@Statton.org,2000,
1327,146,Lindauer@Statton.org,2000,
1341,146,Mahmud@Statton.org,2000,
1343,146,Marcum@Statton.org,2001,
1072,147,Bruski@Redmon.org,2001,
1134,147,Deppert@Redmon.org,2000,
1277,147,Kaewprasert@Redmon.org,2000,
1278,147,Karczewski@Redmon.org,2001,
1443,147,Rabeck@Redmon.org,2001,
1450,147,Reek@Redmon.org,2003,
1451,147,Reich@Redmon.org,2000,
1485,147,Schaffter@Redmon.org,2000,
1108,148,Connors@Meier.org,1997,
1267,148,James@Meier.org,2000,
1110,149,Cornell@Burcham.org,2000,2013
1172,149,Espitia@Burcham.org,2000,
1355,149,Massie@Burcham.org,2000,2010
1469,149,Roussel@Burcham.org,2000,2010
1550,149,Townsend@Burcham.org,2000,
1077,150,Bush@Haralson.edu,2000,
1127,150,Daulton@Haralson.edu,2000,2009
1247,150,Hohlstein@Haralson.edu,2000,
1317,150,Leanen@Haralson.edu,2000,
1336,150,Luby@Haralson.edu,2000,
1144,151,Dougherty@Winfree.org,2000,2013
1201,151,Garrigus@Winfree.org,2000,
1205,151,Gaulden@Winfree.org,2000,2010
1331,151,Lino@Winfree.org,2000,2010
1395,151,Nardo@Winfree.org,2001,
1429,151,Phernetton@Winfree.org,2001,
1503,151,Sheffler@Winfree.org,2004,2009
1569,151,Veazey@Winfree.org,2000,
1001,152,Achorn@Tharrington.org,2000,
1023,152,Bahls@Tharrington.org,1997,
1073,152,Brzostowski@Tharrington.org,2001,
1137,152,Detillier@Tharrington.org,2000,
1246,152,Hindley@Tharrington.org,2001,
1357,152,Matkin@Tharrington.org,2001,
1470,152,Rovell@Tharrington.org,2004,
1497,152,Seahorn@Tharrington.org,2000,
1003,153,Agricola@Ferrier.org,2000,
1042,153,Bettner@Ferrier.org,1997,
1052,153,Bodenschatz@Ferrier.org,2001,
1250,153,Horner@Ferrier.org,2001,
1296,153,Knust@Ferrier.org,2003,2013
1340,153,Maggs@Ferrier.org,2000,
1422,153,Parbol@Ferrier.org,2000,2010
1602,153,Wyatt@Ferrier.org,2000,2010
1086,154,Carley@Nakamura.org,2000,
1121,154,Dagenais@Nakamura.org,2000,
1138,154,Devaughan@Nakamura.org,2000,2009
1156,154,Edd@Nakamura.org,2000,
1293,154,Kluemper@Nakamura.org,2003,
1300,154,Kosicki@Nakamura.org,2000,
1326,154,Lijewski@Nakamura.org,2000,
1435,154,Pou@Nakamura.org,2000,
1457,154,Resendiz@Nakamura.org,2000,
1477,154,Samrah@Nakamura.org,2000,2013
1524,154,Staffon@Nakamura.org,2000,
1531,154,Suddeth@Nakamura.org,2000,2010
1140,155,Dickerson@Bias.org,2000,2010
1153,155,Dykes@Bias.org,2000,
1209,155,Gerling@Bias.org,2000,
1236,155,Hansen@Bias.org,2000,2009
1353,155,Martinez@Bias.org,2000,
1410,155,Olsen@Bias.org,2000,
1551,155,Tramel@Bias.org,2000,
1113,156,Covington@Spataro.org,2000,
1119,156,Curtis@Spataro.org,2000,
1367,156,Mccullough@Spataro.org,2000,
1394,156,Myers@Spataro.org,2000,
1151,157,Dutt@Laffey.org,2000,
1297,157,Kokoska@Laffey.org,2000,
1298,157,Kolm@Laffey.org,2000,
1346,157,Marksberry@Laffey.org,2000,
1375,157,Mcsorley@Laffey.org,2000,2013
1523,157,Srock@Laffey.org,2000,
1553,157,Truiolo@Laffey.org,2000,2010
1599,157,Worlds@Laffey.org,2000,2010
1005,158,Altonen@Bunt.org,2000,
1016,158,Arostegui@Bunt.org,2000,
1118,158,Cuneo@Bunt.org,2000,2009
1181,158,Flierl@Bunt.org,2000,
1193,158,Furler@Bunt.org,2000,
1271,158,Jerko@Bunt.org,2000,
1354,158,Mascall@Bunt.org,2000,
1427,158,Peterson@Bunt.org,2000,
1114,159,Cowan@Driskill.org,2000,
1191,159,Frietas@Driskill.org,2000,
1266,159,Jakuboski@Driskill.org,2000,2013
1369,159,Mcdonnell@Driskill.org,2000,
1389,159,Moyerman@Driskill.org,2000,2013
1441,159,Quertermous@Driskill.org,2000,
1446,159,Ransonet@Driskill.org,2000,2010
1500,159,Seiters@Driskill.org,2000,2010
1565,159,Vanalphen@Driskill.org,2000,
1589,159,Wilshire@Driskill.org,2000,
1000,160,Abbott@Cutchin.org,2000,2009
1061,160,Boyd@Cutchin.org,2000,
1376,160,Melton@Cutchin.org,2000,
1480,160,Santos@Cutchin.org,2000,
1139,161,Deyoung@Perino.org,2003,2013
1322,161,Lee@Perino.org,2000,
1401,161,Newman@Perino.org,2000,2010
1564,161,Valadez@Perino.org,2000,2010
1051,162,Blumenthal@Lyda.org,2000,
1149,162,Dunbar@Lyda.org,2003,2012
1186,162,Forness@Lyda.org,2000,2009
1380,162,Michelfelder@Lyda.org,2000,
1515,162,Smiler@Lyda.org,2000,
1518,162,Soula@Lyda.org,2000,
1536,162,Sutch@Lyda.org,2003,2013
1009,163,Andresen@Ollison.org,2000,
1055,163,Bordwell@Ollison.org,2000,2010
1058,163,Bouliouris@Ollison.org,2000,2010
1091,163,Center@Ollison.org,2000,
1112,163,Courrege@Ollison.org,2000,2012
1168,163,Enote@Ollison.org,2000,2009
1495,163,Scroggie@Ollison.org,2000,
1075,164,Bunche@Ricketts.org,2000,
1078,164,Cackowski@Ricketts.org,2000,
1164,164,Elrod@Ricketts.org,2000,
1165,164,Emayo@Ricketts.org,2000,
1198,164,Ganguli@Ricketts.org,2000,
1268,164,Janski@Ricketts.org,2000,
1308,164,Kuhlman@Ricketts.org,2000,
1439,164,Pyfrom@Ricketts.org,2000,
1063,165,Brantz@Lavergne.org,2000,
1080,165,Cambel@Lavergne.org,2000,
1173,165,Ettel@Lavergne.org,2000,
1289,165,Kinlaw@Lavergne.org,2000,
1303,165,Krigger@Lavergne.org,2000,
1473,165,Ruffins@Lavergne.org,2000,
1502,165,Sharper@Lavergne.org,2000,2013
1558,165,Turansky@Lavergne.org,2000,
1011,166,Arata@Caines.org,2000,2010
1046,166,Bigg@Caines.org,2000,2010
1069,166,Bruckman@Caines.org,2000,
1122,166,Dalen@Caines.org,2000,2012
1171,166,Erlewine@Caines.org,2000,2009
1180,166,Fifield@Caines.org,2000,
1196,166,Galas@Caines.org,2000,
1248,166,Holloran@Caines.org,2000,
1324,166,Leonesio@Caines.org,2000,2013
1404,166,Nimmer@Caines.org,2000,
1428,166,Peto@Caines.org,2000,2010
1481,166,Sarchett@Caines.org,2000,2010
1490,166,Schorr@Caines.org,2000,
1544,166,Tivis@Caines.org,2000,2012
1581,166,Whittley@Caines.org,2000,2009
1104,167,Clemmens@ABC.edu,2000,
1192,167,Fuhri@ABC.edu,2000,
1218,167,Graen@ABC.edu,2000,
1262,167,Inafuku@ABC.edu,2000,
1288,167,Khosravi@ABC.edu,2000,
1382,167,Mildon@ABC.edu,2000,
1483,167,Scarpa@ABC.edu,2000,
1530,167,Streu@ABC.edu,2000,
1041,168,Betance@JSH.edu,2000,
1043,168,Biasotti@JSH.edu,2000,
1064,168,Brevard@JSH.edu,2000,
1082,168,Caputo@JSH.edu,2000,
1109,168,Constantineau@JSH.edu,2000,
1185,168,Fontanilla@JSH.edu,2000,
1379,168,Mestler@JSH.edu,2000,
1486,168,Schartz@JSH.edu,2000,
1554,168,Trybus@JSH.edu,2000,
1135,169,Derouen@Camburn.edu,2000,
1207,169,Geimer@Camburn.edu,2000,
1364,169,Mccleary@Camburn.edu,2000,
1424,169,Penland@Camburn.edu,2000,
1445,169,Ramano@Camburn.edu,2000,
1455,169,Renzi@Camburn.edu,2000,
1555,169,Tsang@Camburn.edu,2000,
1560,169,Tuter@Camburn.edu,2000,
1019,170,Auteri@Monteleone.edu,2000,
1024,170,Balandran@Monteleone.edu,2000,
1062,170,Braithwaite@Monteleone.edu,2000,
1081,170,Cantu@Monteleone.edu,2000,
1146,170,Dragaj@Monteleone.edu,2000,
1329,170,Lingbeek@Monteleone.edu,2000,2013
1484,170,Schadle@Monteleone.edu,2000,
1505,170,Shishido@Monteleone.edu,2000,2010
1508,170,Simone@Monteleone.edu,2000,2010
1516,170,Soo@Monteleone.edu,2000,
1571,170,Villaescusa@Monteleone.edu,2000,2012
1018,171,Assad@Freudenburg.edu,2000,2009
1025,171,Bandyk@Freudenburg.edu,2000,
1107,171,Coger@Freudenburg.edu,2000,
1179,171,Ferri@Freudenburg.edu,2000,
1242,171,Haza@Freudenburg.edu,2000,2010
1319,171,Lecates@Freudenburg.edu,2000,
1335,171,Lopez@Freudenburg.edu,2000,
1434,171,Pliner@Freudenburg.edu,2000,2004
1057,172,Bottella@Delahanty.edu,2000,
1199,172,Gansen@Delahanty.edu,2000,
1214,172,Gompf@Delahanty.edu,2000,
1249,172,Holmes@Delahanty.edu,2000,2005
1256,172,Hutch@Delahanty.edu,2000,
1301,172,Krenzke@Delahanty.edu,2000,
1489,172,Schkade@Delahanty.edu,2000,
1493,172,Schwantd@Delahanty.edu,2000,2008
1604,172,Wyrosdick@Delahanty.edu,2000,
1037,173,Belt@Max.edu,2000,
1047,173,Bjornberg@Max.edu,2003,2010
1096,173,Chinni@Max.edu,2000,
1174,173,Evertt@Max.edu,2000,
1237,173,Hardgrove@Max.edu,2000,2004
1291,173,Kirklin@Max.edu,2000,
1315,173,Larrison@Max.edu,2000,
1614,173,Zortman@Max.edu,2000,
1048,174,Blackwell@Godbee.edu,2000,2005
1095,174,Chavez@Godbee.edu,2000,
1321,174,Lee@Godbee.edu,2000,
1423,174,Payne@Godbee.edu,2000,
1507,174,Simmons@Godbee.edu,1998,2008
1526,174,Starkey@Godbee.edu,2000,
1235,175,Hammitt@Gillooly.edu,2000,
1244,175,Heideman@Gillooly.edu,2000,
1352,175,Marso@Gillooly.edu,2000,
1363,175,Mccamey@Gillooly.edu,2000,
1436,175,Prenatt@Gillooly.edu,1999,
1491,175,Schronce@Gillooly.edu,2000,
1494,175,Schwartzwalde@Gillooly.edu,2000,
1561,175,Twiet@Gillooly.edu,2000,
1010,176,Araiza@Laman.edu,2000,
1066,176,Brining@Laman.edu,2000,
1152,176,Dyckman@Laman.edu,2000,
1188,176,Fostervold@Laman.edu,2000,
1432,176,Pindell@Laman.edu,2000,2005
1476,176,Salera@Laman.edu,2000,
1598,176,Wooldridge@Laman.edu,2000,
1608,176,Zanders@Laman.edu,2000,
1177,177,Farstvedt@Floyd.edu,2000,2010
1194,177,Gabouer@Floyd.edu,2000,
1257,177,Hwang@Floyd.edu,2000,
1459,177,Reuland@Floyd.edu,2004,
1460,177,Rheaves@Floyd.edu,2005,2012
1499,177,Seid@Floyd.edu,2005,2011
1532,177,Suermann@Floyd.edu,2005,
1595,177,Wolchesky@Floyd.edu,2003,
1255,176,Humes@Laman.edu,2005,2009
1062,159,Braithwaite@Driskill.org,2005,
1313,153,Lanfear@Ferrier.org,2005,
1025,102,Bandyk@Bartram.org,2005,
1440,102,Qin@Bartram.org,2005,
1292,125,Kivel@Beverage.org,2005,
1153,107,Dykes@Blackwell.org,2005,
1059,107,Bousman@Blackwell.org,2005,
1140,137,Dickerson@Both.org,2005,
1224,137,Griglen@Both.org,2005,
1265,128,Ivrin@Buckley.org,2005,2012
1551,108,Tramel@Dugan.org,2004,
1155,108,Edberg@Dugan.org,2005,
1479,134,Santellana@Herold.org,2005,2013
1353,127,Martinez@Hickson.org,2005,
1410,127,Olsen@Hickson.org,2003,2013
1484,127,Schadle@Hickson.org,2005,
1094,100,Chantry@Holen.org,2005,2012
1484,126,Schadle@Hyden.org,2005,
1371,131,Mckibben@Kaczmarski.org,2005,
1462,131,Rineheart@Kaczmarski.org,2005,2013
1272,129,Jinks@Langenfeld.org,2008,
1209,106,Gerling@Priolo.org,2005,2013
1508,106,Simone@Priolo.org,2009,
1571,106,Villaescusa@Priolo.org,2005,
1019,139,Auteri@Saterfiel.org,2010,
1146,123,Dragaj@Vicente.org,2005,
1018,138,Assad@Warn.org,2005,
1371,135,Mckibben@Wesolowski.org,2005,
1264,144,Iurato@Jan.org,2005,2012
1261,157,Ihenyen@Laffey.org,2005,
1131,157,Delgado@Laffey.org,2005,
1146,165,Dragaj@Lavergne.org,2005,2013
1508,162,Simone@Lyda.org,2005,
1254,162,Humble@Lyda.org,2005,2013
1170,154,Erlebach@Nakamura.org,2005,
1281,154,Kekiwi@Nakamura.org,2005,
1318,163,Leboeuf@Ollison.org,2005,
1560,152,Tuter@Tharrington.org,2005,
1238,167,Harnar@ABC.edu,2005,
1329,113,Lingbeek@Beery.edu,2005,2012
1178,110,Ferentz@Blay.edu,2005,
1601,172,Wubbel@Delahanty.edu,2005,
1024,177,Balandran@Floyd.edu,2005,2013
1081,114,Cantu@Gerken.edu,2005,
1060,114,Bowditch@Gerken.edu,2005,2013
1224,175,Griglen@Gillooly.edu,2005,
1516,174,Soo@Godbee.edu,2005,
1452,174,Reiniger@Godbee.edu,2005,2012
1505,112,Shishido@Haberman.edu,2005,
1236,176,Hansen@Laman.edu,2005,
1318,173,Leboeuf@Max.edu,2005,2013
1505,170,Shishido@Monteleone.edu,2005,
1571,170,Villaescusa@Monteleone.edu,2005,2013
1516,170,Soo@Monteleone.edu,2005,2011
1329,151,Lingbeek@Winfree.org,2005,2012
