publication_id,title,type.category,type.name,year,detail,abstract
10001,A Conditional Kolmogorov Test,Journal,Econometrica,2000, 65: 1097-1128,"Lorem ipsum dolor sit amet, consectetur adipiscing elit. Nulla gravida leo a tellus egestas nec fermentum leo adipiscing. Maecenas nec eros orci. Phasellus ut tincidunt lacus. Pellentesque tristique vehicula porta. Suspendisse potenti. Cum sociis natoque penatibus et magnis dis parturient montes, nascetur ridiculus mus. Duis cursus sapien a ante condimentum vehicula."
10002,A Stopping Rule for the Computation of Generalized Method of Moments Estimators,Journal,Econometrica,2000, 65: 913-931,"Donec viverra scelerisque porttitor. Vivamus quis nisi vitae dui tincidunt sollicitudin at sed orci. In hac habitasse platea dictumst. Aliquam erat volutpat. Nullam rhoncus, quam a consequat congue, erat dolor hendrerit metus, id aliquet leo nisl hendrerit est. Proin purus ante, adipiscing nec vestibulum sit amet, aliquam ac ipsum. Cras sapien ipsum, lobortis eget venenatis vitae, mollis sit amet odio. Curabitur odio augue, fermentum quis placerat in, tempus eu ipsum. Etiam sollicitudin orci vitae magna dictum ornare. In hac habitasse platea dictumst. Nulla purus odio, dapibus nec iaculis vitae, malesuada ac libero. Curabitur lectus ante, ullamcorper vitae tempor id, tempor nec dui."
10003,A Three-step Method for Choosing the Number of Bootstrap Repetitions,Journal,Econometrica,2000, 68: 23-51,"Donec eu lacus malesuada lectus placerat molestie at in mauris. Nulla sit amet rhoncus lorem. Nulla sit amet nisl sit amet lorem cursus tincidunt ac et risus. Nulla vel velit nec nulla placerat adipiscing. Donec id placerat tortor. Phasellus sit amet augue sed dolor bibendum faucibus. Praesent ullamcorper pulvinar purus aliquam ultricies. Donec ac tortor mattis sem sodales malesuada sed at tortor. Nulla vitae arcu risus, at tempor ipsum. Praesent arcu dolor, varius at elementum at, mattis tristique dolor. Duis adipiscing consectetur quam, in blandit neque commodo non. Aliquam erat volutpat. Lorem ipsum dolor sit amet, consectetur adipiscing elit."
10004,A Zero-One Result for the Least Squares Estimator,Journal,Econometric Theory,2000, 1: 85-96,"Vivamus tincidunt nulla nec elit sodales accumsan. Nulla id neque tellus, a imperdiet sapien. Proin ac elit urna, eget posuere elit. Ut nisl justo, scelerisque at imperdiet a, commodo sed leo. Pellentesque quis ligula id lacus malesuada fermentum. Nunc vitae felis diam, nec varius dui. Mauris vulputate pellentesque augue sit amet dictum. Integer at nibh id justo scelerisque blandit. Fusce vitae eros tempus neque accumsan pharetra. Fusce eu malesuada tellus. Nullam non sollicitudin lorem. Curabitur eget ante magna, id molestie metus. Proin euismod quam vel risus sagittis nec adipiscing magna fringilla. Etiam tincidunt hendrerit auctor. Aenean a eros augue, a sollicitudin justo. Vestibulum lacus turpis, ullamcorper eget tempor sed, ornare quis augue."
10005,Asymptotic Results for Generalized Wald Tests,Journal,Econometric Theory,2000, 3: 348-358,"Class aptent taciti sociosqu ad litora torquent per conubia nostra, per inceptos himenaeos. Donec varius commodo ornare. Nunc tortor ipsum, sollicitudin non mollis eget, laoreet at nisl. Aliquam erat volutpat. Fusce lobortis, justo eget dignissim accumsan, ligula nisi fringilla erat, vel interdum felis dui sit amet ligula. Phasellus at nunc velit. Pellentesque a lorem pulvinar nisl ultricies aliquet eu eget nisl. Suspendisse metus est, vulputate a bibendum eget, blandit eu felis. Curabitur malesuada volutpat facilisis. Donec pretium feugiat tellus ac porta."
10006,Consistent Moment Selection Procedures for Generalized Method of Moments Estimation,Journal,Econometrica,2000, 67: 543-564,"Aliquam in eleifend velit. Proin enim magna, bibendum vulputate malesuada in, tincidunt pharetra est. Nullam volutpat posuere sollicitudin. Donec libero sem, cursus sed consectetur et, hendrerit non turpis. Sed nunc ligula, adipiscing vitae ullamcorper at, iaculis eu sapien. Donec mollis justo non augue lacinia at luctus eros facilisis. Praesent ullamcorper velit nec odio sollicitudin tempor. Duis convallis magna ac arcu venenatis eu suscipit urna elementum. Vivamus volutpat diam a purus faucibus dictum. Proin a tortor magna. Sed at erat in turpis tincidunt congue ac vitae metus. Maecenas tincidunt purus at sem tempus vel ultrices metus tincidunt. Integer sit amet hendrerit quam. Cras luctus, ante eu tincidunt mattis, dolor purus lacinia magna, sed eleifend lorem mauris eu magna. Maecenas in magna sapien. Maecenas accumsan sollicitudin nibh, sit amet bibendum orci aliquam quis."
10007,Estimation When a Parameter Is on a Boundary,Journal,Econometrica,2000, 67: 1341-1383,"Suspendisse nec molestie turpis. Aenean ac erat libero. Quisque hendrerit arcu vitae est fermentum eget ornare quam pharetra. Donec sodales tellus quis diam interdum et eleifend libero mollis. Nullam vel metus vitae enim interdum tincidunt. Integer vel dui vitae leo porta porta. Aenean venenatis faucibus dolor, eget bibendum est iaculis sed. Nunc elementum erat vitae nisi bibendum iaculis. Praesent tempor lectus et nisi condimentum a ornare velit sagittis. Vestibulum pulvinar dictum est quis hendrerit. Fusce metus lorem, facilisis ut pellentesque non, tincidunt quis ante. Suspendisse quis iaculis mauris. Fusce sit amet mi ullamcorper purus tincidunt scelerisque quis nec neque. Nulla tristique arcu quis velit ornare fermentum. Cras sollicitudin ultricies sem ut ultrices. Proin non sapien odio, non tincidunt erat."
10008,Inconsistency of the Bootstrap When a Parameter Is on the Boundary of the Parameter Space,Journal,Econometrica,2000, 68: 399-405,"Phasellus magna tellus, volutpat sed tincidunt non, pharetra nec tortor. Sed sit amet augue tristique massa aliquet pharetra ac ut est. Curabitur quis tortor pellentesque justo consectetur euismod. Duis malesuada nisl ac odio mollis egestas. Nam eu ante leo. Duis eu mi arcu, quis ultricies magna. Nunc elementum risus et eros fermentum fermentum. Phasellus eros felis, mollis in rutrum a, consequat quis elit. Quisque ullamcorper, arcu et viverra posuere, nisi nisi tempus dolor, id interdum eros lectus eget massa. Pellentesque vulputate mi ut magna ultricies iaculis. In hac habitasse platea dictumst."
10009,Least Squares Regression with Integrated or Dynamic Regressors Under Weak Error Assumptions,Journal,Econometric Theory,2000, 3: 98–116,"Pellentesque id sapien non lorem ultrices aliquet. Aenean eleifend dignissim sollicitudin. Nulla egestas, dolor vitae pellentesque condimentum, magna enim aliquet ipsum, id molestie massa est nec ligula. Praesent quis augue mi, vitae scelerisque nisi. Sed in tortor ac justo hendrerit tempor. Phasellus id nisi sed nunc commodo convallis. Mauris nec turpis urna. Nunc in massa velit, posuere tempor magna. Curabitur varius dignissim sem, sit amet placerat dolor lobortis id. Mauris vitae nisi ut lorem ultricies tincidunt at ut ipsum. Curabitur suscipit eros eget diam cursus sed laoreet massa ultrices. Quisque in nulla felis."
10010,Optimal Tests When a Nuisance Parameter Is Present Only Under the Alternative,Journal,Econometrica,2000, 62: 1383-1414,"Duis nec purus vel purus tincidunt porttitor. Suspendisse sollicitudin viverra neque tempus interdum. Vestibulum ante ipsum primis in faucibus orci luctus et ultrices posuere cubilia Curae; Suspendisse cursus, enim viverra aliquam consequat, nisl nisi molestie tellus, eu eleifend ante dolor at nibh. Fusce non feugiat arcu. Sed ac mi augue. Pellentesque vehicula lectus nec neque vulputate cursus. Proin vitae mauris urna. Phasellus vulputate volutpat ante, eget cursus ipsum porta ut. Phasellus eget tellus lorem. Sed pulvinar velit ut leo imperdiet posuere."
10011,Admissibility of the Likelihood Ratio Test When the Parameter Space Is Restricted Under the Alternative,Journal,Econometrica,2001,64: 705–718,"Suspendisse tincidunt rhoncus lacinia. Ut suscipit tortor vitae quam malesuada in ornare lacus posuere. Morbi neque turpis, ultrices et semper sed, accumsan nec lectus. Donec consectetur elit ac mi pharetra vitae congue lacus accumsan. Duis sit amet tortor nec eros fermentum rhoncus nec ut turpis. Praesent et neque quis est pulvinar bibendum nec a massa. Maecenas eros dolor, bibendum sed luctus nec, aliquam et nunc. Etiam purus felis, hendrerit ut lacinia nec, euismod nec libero."
10012,Asymptotic Normality of Series Estimators for Nonparametric and Semiparametric Regression Models,Journal,Econometrica,2001, 59: 307-345,"Suspendisse potenti. Nam dapibus, nisi tristique pharetra dignissim, velit purus rhoncus nulla, sed laoreet magna tortor sit amet felis. Donec vestibulum dictum velit, vel fermentum nisl tempor convallis. Donec sit amet odio ante, eu vehicula arcu. In vehicula nunc vel ipsum sodales condimentum. Duis vestibulum rutrum justo, a facilisis erat congue vel. Phasellus pulvinar diam nisl. Maecenas tempus sagittis odio, a eleifend libero congue quis. Aenean ligula quam, consequat ac fringilla at, mattis ut eros. Maecenas bibendum libero quam, et sodales lacus."
10013,Asymptotics for Semiparametric Econometric Models via Stochastic Equicontinuity,Journal,Econometrica,2001, 62: 43-72,"Duis eu purus ligula, non accumsan nunc. Etiam lacus odio, feugiat et dictum et, iaculis nec mi. Vestibulum eget lectus est. Aliquam rutrum tincidunt tellus non porttitor. Pellentesque enim elit, varius eu venenatis vitae, imperdiet et ante. Ut nibh risus, dictum vel tristique nec, ornare at leo. Nullam vel nibh ipsum. Duis ultricies varius mi, vel malesuada nisl laoreet id. Mauris dolor dui, mattis non porttitor a, eleifend vel ante. Cum sociis natoque penatibus et magnis dis parturient montes, nascetur ridiculus mus."
10014,Consistent Model and Moment Selection Criteria for GMM Estimation with Applications to Dynamic Panel Models,Journal,Journal of Econometrics,2001,101: 123-164,"In hac habitasse platea dictumst. Donec et turpis nulla. Donec eros turpis, tristique vitae aliquet mollis, cursus gravida dolor. Maecenas nunc nisl, fringilla quis luctus ut, adipiscing vel quam. Aenean iaculis commodo sodales. Suspendisse volutpat lectus felis. Praesent gravida libero sed elit mollis eu suscipit sem tristique. Pellentesque vestibulum rhoncus eros, vitae fringilla arcu convallis id."
10015,E-Commerce User Experience,Book,Nielsen Norman Group,2001,ISBN 0-9706072-0-2,"Maecenas a justo in mi cursus tristique in vel enim. Cras adipiscing sem sit amet neque euismod euismod. Mauris est mauris, eleifend a viverra venenatis, fringilla tincidunt felis. Curabitur bibendum eros vitae libero volutpat luctus. Aenean nulla augue, sollicitudin sit amet condimentum sit amet, lacinia in purus. In quis tortor nec lacus ultrices sodales. In eu leo libero. Phasellus dui diam, consequat id pulvinar sed, porttitor ac eros. Phasellus sed odio ac est suscipit bibendum. Aenean condimentum, mi et congue convallis, nulla nunc ultrices arcu, vitae imperdiet sapien erat quis est. In eget augue tellus. Nullam id quam ipsum, et sodales lectus. Nulla at metus eros, eu aliquet ligula. Cum sociis natoque penatibus et magnis dis parturient montes, nascetur ridiculus mus. Vivamus luctus erat congue mauris imperdiet quis convallis nulla ultricies."
10016,Evaluation of a Three-step Method for Choosing the Number of Bootstrap Repetitions,Journal,Journal of Econometrics,2001, 103: 345-386,"Suspendisse aliquet tincidunt pulvinar. Nullam vestibulum leo sit amet justo feugiat eget interdum orci dapibus. Vivamus elementum sem non tortor blandit quis pretium neque ultricies. Nunc nec enim sem, vitae aliquet enim. Duis pharetra, libero eu interdum suscipit, tellus sapien eleifend risus, eget ullamcorper leo libero in lorem. Ut interdum iaculis lorem sit amet fringilla. Nam vel tortor mi, nec tincidunt erat. Suspendisse viverra lorem dolor. Vivamus non malesuada elit. Cras aliquam erat eget nisl tempus ullamcorper. Etiam id ligula sit amet dolor hendrerit mollis. Sed dictum mattis lectus ac venenatis. Nunc vel felis mauris, placerat dictum ipsum. Nam sollicitudin sollicitudin libero ut sagittis. Donec eros augue, pharetra id volutpat at, commodo sed nisi."
10017,Exactly Median-unbiased Estimation of First Order Autoregressive/Unit Root Models,Journal,Econometrica,2001, 61: 139-165,"Vivamus velit sapien, scelerisque porta suscipit sit amet, pretium a urna. Phasellus a lobortis lacus. Maecenas sit amet orci non libero sollicitudin adipiscing. Nullam volutpat placerat erat, tempor auctor eros sagittis et. Integer bibendum faucibus aliquet. Pellentesque habitant morbi tristique senectus et netus et malesuada fames ac turpis egestas. Cras pharetra imperdiet lectus ac tincidunt. Nunc vehicula lectus vel massa varius a sodales quam sollicitudin. Vestibulum risus lectus, aliquam vel consequat id, ullamcorper et nisi. Donec commodo, erat vehicula bibendum suscipit, tortor nunc lacinia orci, in scelerisque arcu ipsum eget ligula. Pellentesque rutrum vestibulum purus eget varius. Sed sit amet urna at nisi sagittis auctor. Donec sed nunc mi, eu suscipit odio. Curabitur ut mi mi."
10018,Heteroskedasticity and Autocorrelation Consistent Covariance Matrix Estimation,Journal,Econometrica,2001, 59: 817-858,"Etiam scelerisque arcu non nunc malesuada mollis. Nunc blandit metus in quam rutrum sodales. Mauris eu leo lacus. In aliquet pretium felis quis euismod. Mauris et augue turpis, sit amet eleifend nisl. Fusce laoreet gravida ante, sed tempor quam adipiscing at. Phasellus sed consequat purus."
10019,Homepage Usability: 50 Websites Deconstructed,Book,New Riders Press,2001,ISBN 0-73571-102-X,"Quisque lacinia lacinia pulvinar. Suspendisse sed lectus augue, sed egestas lectus. Sed eu elit a urna placerat dictum in a nisl. Curabitur ante augue, aliquam eget rutrum ut, tempus quis massa. Morbi eget feugiat nisi. Nunc dignissim ornare nisl, nec feugiat neque condimentum sit amet. Sed aliquam tortor in lorem sodales ac mattis ante molestie. Pellentesque eget est orci. Aenean turpis orci, consectetur a suscipit ac, ultrices sit amet ante. Phasellus tristique mauris sed augue cursus condimentum. Donec condimentum eleifend sem a venenatis. Pellentesque habitant morbi tristique senectus et netus et malesuada fames ac turpis egestas. Quisque pharetra hendrerit tempor. Vestibulum massa risus, commodo in aliquam nec, tempus eget nunc."
10020,Testing When a Parameter Is on the Boundary of the Maintained Hypothesis,Journal,Econometrica,2001, 69: 683:734,"Sed facilisis, turpis et elementum tincidunt, libero diam rhoncus mi, nec mattis eros neque quis quam. Praesent facilisis, eros sed semper imperdiet, sem dolor lobortis sem, non scelerisque dui dui quis arcu. Sed sit amet ipsum sapien, vel dapibus eros. Nunc viverra pharetra egestas. Donec eleifend dui at metus dictum tincidunt. In molestie eros ultricies diam pellentesque ac elementum augue pharetra. In hac habitasse platea dictumst. Aliquam malesuada, sapien auctor rhoncus iaculis, enim tellus rhoncus metus, a fringilla nunc felis ac lectus. Morbi posuere felis lacus, vitae tristique lorem. Sed tempus porttitor odio sit amet vulputate. Etiam sem nibh, sollicitudin at tempus et, congue in enim. Aenean vel leo elit, quis semper nisl. Nulla sem leo, pretium at eleifend eu, gravida quis velit. Mauris odio massa, aliquet at hendrerit sed, interdum vitae elit. Morbi sit amet elit in libero fringilla ullamcorper."
10021,Tests for Parameter Instability and Structural Change with Unknown Change Point,Journal,Econometrica,2001, 61: 821-856,"Suspendisse vehicula facilisis molestie. Nulla sodales aliquet libero, quis faucibus mauris pharetra eu. Morbi laoreet dapibus mollis. Morbi tristique molestie massa, semper tempor risus ornare eget. Nunc nec dui neque. Nam nec velit vitae nulla gravida adipiscing. Integer ultrices est in odio vulputate dignissim. Integer id nunc vel magna facilisis lobortis. Morbi pulvinar nisl a nibh cursus ac euismod nunc porta. Sed sit amet sem ipsum, a fringilla felis. Sed nec tellus sit amet ante elementum mollis quis ut ante. Lorem ipsum dolor sit amet, consectetur adipiscing elit. Nunc pretium ipsum vel felis sollicitudin laoreet. Mauris ligula nibh, dictum id facilisis in, feugiat sed tellus."
10022,A Nearly Independent but Non-Strong Mixing Triangular Array,Journal,Journal of Applied Probability,2002, 22: 729-731,"Vestibulum mattis orci at eros sagittis a iaculis ligula porta. Pellentesque vel velit mauris, quis vehicula libero. Phasellus non purus lectus. In cursus faucibus massa quis euismod. Aliquam erat volutpat. Fusce pellentesque mi sit amet felis suscipit blandit non sit amet enim. Sed dignissim tristique augue accumsan semper. Nulla posuere nibh id turpis interdum aliquet. Aliquam hendrerit enim libero."
10023,A Note on the Unbiasedness of Feasible GLS Quasi-Maximum Likelihood Robust Adaptive and Spectral Estimators of the Linear Model,Journal,Econometrica,2002, 54: 687-698,"Nulla consequat nisi in orci ultrices imperdiet. Phasellus vitae orci risus. Nunc at leo auctor magna dictum hendrerit at lacinia neque. Curabitur congue cursus lacus at vehicula. Suspendisse auctor laoreet turpis quis fringilla. Praesent vulputate tristique ipsum fringilla mollis. Cras at nisl ut purus egestas interdum. Nullam fermentum, diam bibendum posuere aliquet, velit diam hendrerit justo, at consectetur nisi diam ac quam. Sed fringilla sollicitudin leo, non auctor odio blandit quis. Quisque laoreet tincidunt aliquet. Pellentesque tempus vehicula dolor venenatis semper. Suspendisse potenti. Nunc metus tellus, ultricies non dapibus quis, aliquet vitae sem. In metus nisl, sodales vel pellentesque egestas, pharetra id urna."
10024,Chi-Square Diagnostic Tests for Econometric Models: Theory,Journal,Econometrica,2002, 56: 1419-1453,"Class aptent taciti sociosqu ad litora torquent per conubia nostra, per inceptos himenaeos. Maecenas magna mi, venenatis et viverra et, suscipit id nulla. Praesent tincidunt varius iaculis. In laoreet vehicula purus a iaculis. Proin aliquam eleifend mollis. Nullam at mi ut nisl pulvinar adipiscing. Nam erat enim, blandit vulputate pellentesque quis, cursus eget nisl. Nulla dolor odio, pretium id consectetur eget, pulvinar posuere elit. Duis non eros est, ut placerat leo. Phasellus neque nunc, bibendum sed consectetur eu, placerat a lacus. Integer dapibus ultrices risus. Integer cursus condimentum justo eu congue. Donec gravida velit sed tellus porttitor rutrum. Nulla eleifend ipsum in est tincidunt tincidunt."
10025,Consistency in Nonlinear Econometric Models: A Generic Uniform Law of Large Numbers,Journal,Econometrica,2002, 55: 1465–1472,"Donec elit tellus, porttitor vel accumsan eu, cursus sed sapien. Nam a risus eget nisi pulvinar vestibulum quis sit amet metus. In lobortis dui vitae leo dictum non fermentum odio ultricies. Etiam eu velit odio, quis laoreet lacus. Praesent rutrum tempor feugiat. Phasellus tempus consequat libero, bibendum condimentum nisl gravida at. Integer nunc ante, imperdiet quis tristique ultricies, sodales et neque. Nulla ac dui et nulla adipiscing lobortis quis id sem. Proin iaculis, purus nec hendrerit elementum, neque magna accumsan purus, nec semper risus massa vel risus. Aliquam lorem diam, consectetur non tincidunt sed, volutpat in orci. Curabitur sed dictum odio. Quisque egestas, tortor ut condimentum varius, purus augue scelerisque ante, et eleifend purus risus sit amet diam."
10026,Coordinating User Interfaces for Consistency,Book,Academic Press,2002, ISBN 0-12-518400-X,"Morbi malesuada erat ut turpis pharetra non volutpat eros adipiscing. Pellentesque id feugiat augue. Fusce placerat ante nec justo condimentum tristique. Suspendisse ultrices cursus dui, non porttitor lorem tincidunt quis. Pellentesque nec felis ac eros commodo facilisis. Phasellus malesuada volutpat lacus, sed lobortis risus ornare et. Vestibulum ut massa ligula, id porta metus. In quis felis erat. Aliquam erat volutpat. Pellentesque habitant morbi tristique senectus et netus et malesuada fames ac turpis egestas. Quisque et porta arcu."
10027,Equivalence of the Higher-order Asymptotic Efficiency of k-step and Extremum Statistics,Journal,Econometric Theory,2002, 18: 1040-1085,"Sed elit sem, condimentum id mattis semper, euismod nec velit. Morbi pellentesque, nibh vitae volutpat adipiscing, nisi nulla tincidunt elit, a gravida ante urna ut metus. Suspendisse euismod augue sit amet tortor molestie sed tristique augue euismod. Aenean id vulputate diam. Vivamus viverra odio in diam rhoncus ultricies. Donec quis tortor id augue facilisis imperdiet. Nulla dignissim lobortis vestibulum. Nullam dui nisl, tincidunt ac tristique sed, ultrices nec tellus. Phasellus dictum ultrices augue vel ultricies. Nam condimentum erat id tellus vestibulum congue. Nam imperdiet purus et sem suscipit pharetra. Quisque nec sagittis ipsum. Vestibulum sed diam nulla, id luctus nisi. Nullam in urna libero, at rutrum nunc."
10028,Generalized Method of Moments Estimation When a Parameter Is on a Boundary,Journal,Journal of Business and Economic Statistics,2002,20: 530–544,"Ut posuere leo molestie est auctor ornare. Cras viverra erat sed neque vulputate bibendum. Nulla vitae sodales tortor. Morbi turpis nunc, elementum eget vehicula adipiscing, porttitor eget urna. Sed interdum vestibulum turpis in dapibus. Lorem ipsum dolor sit amet, consectetur adipiscing elit. In nec neque justo, sit amet pharetra quam. Quisque sollicitudin luctus ullamcorper. Sed condimentum quam at erat lobortis sit amet sagittis nisi dapibus. In eu lorem sit amet odio vestibulum euismod interdum sodales tortor. Mauris eget nulla quam, nec iaculis dolor. Nulla ut eros eget diam tincidunt porttitor ac ut ipsum."
10029,Higher-order Improvements of a Computationally Attractive k-step Bootstrap for Extremum Estimators,Journal,Econometrica,2002, 70: 119-162,Sed tristique rutrum porta. Praesent volutpat neque vel metus condimentum sed blandit nisi dictum. Vestibulum ut aliquam lectus. In eget odio eu velit condimentum porttitor. Nunc sed massa a eros ultrices fringilla. Integer non nunc vel lectus congue tristique quis sit amet nisi. Nulla et felis vitae odio mollis blandit. Pellentesque sit amet convallis dui.
10030,On the Number of Bootstrap Repetitions for BCa Confidence Intervals,Journal,Econometric Theory,2002, 18: 962-984,"Mauris suscipit cursus dui, quis luctus velit commodo vel. Suspendisse aliquet orci in diam accumsan id imperdiet enim vehicula. Donec eu augue at tortor bibendum molestie fringilla a turpis. Cras ultricies, sapien eget blandit accumsan, massa lorem aliquam metus, vel dignissim nunc nulla ut mi. Suspendisse potenti. In nibh enim, sollicitudin id placerat sed, placerat sed lectus. Nulla consectetur ornare ipsum, et fringilla sem porttitor in. Pellentesque luctus neque a mi tempus dignissim. Ut et erat in nisl consequat congue quis non nibh. Ut eu dui arcu. Aliquam vulputate feugiat orci, id mollis mi euismod eget. Aenean congue, sem vitae auctor imperdiet, ligula tortor convallis sem, in malesuada mi elit a metus. Cras at molestie justo."
10031,Power in Econometric Applications,Journal,Econometrica,2002, 57: 1059–1090,"In mollis ornare leo, vel viverra ligula adipiscing ut. In eros erat, facilisis eget lobortis elementum, interdum a mi. Donec ultrices quam ut magna pulvinar eget tempor ipsum suscipit. Vivamus lacinia, magna ut mattis faucibus, purus felis bibendum orci, nec eleifend mi neque eget augue. Ut lobortis risus at magna scelerisque vitae elementum nisi lacinia. Phasellus libero tellus, rhoncus vitae accumsan nec, rutrum ac risus. Maecenas eget enim felis. Praesent hendrerit nibh vulputate dui tincidunt bibendum. In venenatis facilisis orci sed pulvinar. Donec pretium nunc eu tortor pulvinar malesuada. Cras viverra sollicitudin sollicitudin. Quisque malesuada cursus rhoncus. Sed metus lectus, pretium sit amet sodales eu, imperdiet vel turpis. Praesent aliquam neque id nulla scelerisque ut consectetur ante facilisis. Mauris sapien ligula, hendrerit pharetra vulputate id, eleifend in lectus."
10032,Stability Comparisons of Estimators,Journal,Econometrica,2002, 54: 1207–1235,"Nunc sit amet sem et ante pellentesque vulputate. Proin volutpat posuere commodo. Cum sociis natoque penatibus et magnis dis parturient montes, nascetur ridiculus mus. Sed interdum mauris non nisl hendrerit tincidunt. Vestibulum erat sem, vehicula et blandit id, pretium ac dolor. Phasellus porta venenatis dictum. Aliquam quis sem vel dolor semper commodo. Pellentesque eget libero quis nisi faucibus sodales convallis quis dolor. Cras blandit sem ac justo faucibus fringilla. Suspendisse semper consequat eleifend. Sed et metus eu leo eleifend rutrum sed in eros. Sed non nisi sagittis ante sodales lobortis. Praesent sit amet augue neque. Aliquam vestibulum nisl nec eros tempor tristique. Cras imperdiet eros a metus lacinia tempor. Duis sodales tempus vestibulum."
10033,A Bias-reduced Log-periodogram Regression Estimator of the Long-memory Parameter,Journal,Econometrica,2003,71: 675–712,"Cras nulla orci, tincidunt id bibendum at, fringilla quis magna. Mauris venenatis, magna ut ultricies pharetra, neque libero feugiat quam, vitae convallis lectus est quis libero. Vestibulum eu elit metus. Mauris felis nunc, lobortis nec volutpat ac, fringilla in sapien. Integer sodales scelerisque tempus. Quisque dapibus consectetur tortor, quis aliquet massa lobortis sit amet. Duis ultricies sapien tempor massa tempus vel mollis erat sodales. Nullam pellentesque lorem quis mi vehicula ac rutrum dolor euismod. Fusce interdum ullamcorper volutpat. In ligula lacus, vulputate at semper eu, consectetur at enim."
10034,An Empirical Process Central Limit Theorem for Dependent Non-identically Distributed Random Variables,Journal,Journal of Multivariate Analysis,2003, 38: 187-203,"Nulla facilisi. Fusce condimentum feugiat metus, in lacinia justo ultrices et. Nam feugiat, eros ac tincidunt venenatis, lorem mi sollicitudin metus, vel suscipit libero sapien ac sapien. Integer sit amet justo a purus laoreet viverra. Ut aliquam rutrum lacinia. Nulla laoreet tempus nibh vitae ullamcorper. Donec vel lorem eget nisi iaculis convallis eu vitae purus. Ut blandit rhoncus rutrum. Sed aliquet iaculis mauris sit amet varius. Praesent ac fermentum nunc. Aliquam in nulla est, malesuada egestas turpis. Cras ut felis at nulla varius viverra. Morbi in consequat felis. Duis sit amet eros eget arcu congue facilisis. Proin sed vestibulum felis."
10035,Approximately Median-Unbiased Estimation of Autoregressive Models,Journal,Journal of Business and Economic Statistics,2003, 12: 187-204,"Praesent sit amet purus a lorem vehicula vulputate in at enim. Morbi ultrices interdum nibh eu ultricies. Morbi a ipsum dolor. Proin egestas malesuada leo, consequat vulputate est tincidunt in. Aliquam id ligula vitae enim vulputate interdum sed in sem. Etiam consectetur, velit vitae luctus tincidunt, quam velit rhoncus lectus, eget vehicula massa velit eu libero. Aliquam suscipit vestibulum enim. Nullam euismod sollicitudin turpis, vel volutpat sem elementum in. Nullam sed mauris tortor. Phasellus sit amet purus purus, in luctus metus. Mauris tempus cursus convallis. Etiam dictum dapibus magna, id hendrerit justo commodo eleifend."
10036,Asymptotic Optimality of Generalized CL Cross-validation and Generalized Cross-validation in Regression with Heteroskedastic Errors,Journal,Journal of Econometrics,2003, 47: 359-377,"Sed nunc nibh, gravida scelerisque facilisis sed, pellentesque ac urna. Suspendisse sit amet hendrerit metus. Vestibulum eget fermentum urna. Nullam sed urna ipsum. Proin blandit velit vel massa fermentum tempus. Nullam volutpat tortor a magna tincidunt at luctus mi ultricies. Phasellus libero diam, rhoncus sed condimentum eu, ultricies et orci. Cras et velit scelerisque purus egestas congue. Morbi tempus augue vel sem tempus porttitor."
10037,Chi-Square Diagnostic Tests for Econometric Models: Introduction and Applications,Journal,Journal of Econometrics,2003, 35: 135-156,"In sit amet justo nibh, sed eleifend mi. Proin pulvinar mi mi. In lacinia mauris vel eros pulvinar luctus. Vestibulum ultricies, nunc vitae imperdiet condimentum, tortor lacus molestie leo, et rhoncus neque ligula a sapien. Nulla facilisi. Integer nec diam odio. Aliquam erat volutpat. Nam dolor neque, laoreet id suscipit ut, pretium sed elit. Nunc consectetur rutrum quam, in suscipit tellus porta non. Duis at pretium dui. Etiam neque leo, cursus vehicula porta eget, vehicula sed nunc. Donec vel iaculis nisi. Donec id justo purus, vitae imperdiet odio. Donec sit amet mollis arcu. Praesent at arcu arcu. Aenean nec sapien mi, quis consequat neque."
10038,End-of-sample Instability Tests,Journal,Econometrica,2003, 71: 1661-1694,"Aenean ac fringilla sem. Nulla facilisi. Sed non dui id ante imperdiet aliquet. Nulla facilisi. Ut at mi ut nisl facilisis malesuada. Donec tortor purus, consequat at ornare vel, fringilla sit amet ligula. Vestibulum in dolor elit. Phasellus dignissim elementum ligula, id semper turpis eleifend sed."
10039,Estimation of Polynomial Distributed Lags and Leads with End Point Constraints,Journal,Journal of Econometrics,2003, 53: 123-139,"Nunc porttitor volutpat ipsum ut ullamcorper. Quisque pulvinar lacinia tellus quis auctor. Vivamus adipiscing gravida dolor in sollicitudin. Integer nec mi enim. Morbi placerat tortor a metus faucibus vulputate. Aenean vitae sem arcu, sed accumsan orci. In consequat ultricies erat sit amet pulvinar. Sed bibendum nisi sed nulla cursus ornare. Nullam at nibh aliquam purus lacinia pretium."
10040,Further Evidence on the Great Crash the Oil Price Shock and the Unit Root Hypothesis,Journal,Journal of Business and Economic Statistics,2003, 10: 251-270,"Lorem ipsum dolor sit amet, consectetur adipiscing elit. Morbi mattis ultricies porttitor. Quisque tristique lacus ac augue posuere eu eleifend eros vestibulum. Nullam eget enim quis felis rhoncus porta eu a libero. Sed fringilla, justo at ultricies pretium, neque augue aliquam mauris, ut lacinia lectus nulla eget est. Sed sed dui in orci molestie porttitor. Morbi nec turpis non risus eleifend fringilla ac id justo. Sed ac ante eget lectus vestibulum venenatis. Lorem ipsum dolor sit amet, consectetur adipiscing elit. Aenean interdum luctus sem dictum dignissim. Class aptent taciti sociosqu ad litora torquent per conubia nostra, per inceptos himenaeos. Integer ac urna a velit egestas semper ac nec neque. Etiam sed odio a nibh pulvinar mollis a vitae massa. Sed ultrices augue in mauris congue vehicula. Donec id neque est. Suspendisse viverra dolor eget mi aliquam non posuere est vulputate."
10041,Hypothesis Testing with a Restricted Parameter Space,Journal,Journal of Econometrics,2003, 84: 155-199,"Etiam nibh eros, consequat at imperdiet vitae, vestibulum non leo. Ut felis justo, mollis et auctor eget, vehicula vitae libero. Quisque vehicula, augue id convallis ultricies, ante libero volutpat neque, vitae tempor massa nisi tincidunt sapien. Morbi sit amet justo sit amet orci ultrices convallis a at ipsum. Nunc volutpat tortor eget erat mattis sodales. In arcu arcu, viverra ut adipiscing nec, condimentum non magna. Donec eu erat libero, nec accumsan libero. Aenean nulla urna, viverra sit amet imperdiet ut, ullamcorper ac ligula. Curabitur urna odio, ultricies eu convallis a, pulvinar eget arcu. Maecenas laoreet sem massa, et convallis lectus. Suspendisse pretium hendrerit nunc in fermentum. Praesent commodo felis tincidunt mauris pellentesque iaculis ornare vel justo. Vestibulum ante ipsum primis in faucibus orci luctus et ultrices posuere cubilia Curae; Integer malesuada commodo felis. In lectus erat, ornare nec rutrum id, tincidunt at velit."
10042,Optimal Changepoint Tests for Normal Linear Regression,Journal,Journal of Econometrics,2003, 70: 9-38,"In volutpat semper adipiscing. Nunc neque justo, porttitor sed luctus nec, adipiscing et arcu. Pellentesque adipiscing odio eu nunc blandit viverra. Nunc molestie ligula fermentum magna placerat viverra. Sed et risus orci. Etiam commodo, justo quis euismod lacinia, lacus sapien egestas sem, eu commodo ligula nulla sit amet mi. Phasellus iaculis turpis mauris, eu facilisis metus. Integer augue erat, pharetra a tristique id, tincidunt in diam. Donec sed sapien eu orci venenatis eleifend. Phasellus non velit quis turpis hendrerit tempor. Maecenas molestie elementum imperdiet. Vivamus rutrum consectetur orci, ac euismod lectus semper sed. Vivamus orci libero, gravida sed tempus eget, egestas vel nisl."
10043,Tests for Parameter Instability and Structural Change with Unknown Change Point: A Corrigendum.,Journal,Econometrica,2003, 71(1): 395-397,Integer euismod lobortis pulvinar. Donec cursus egestas neque eu bibendum. Donec in leo id nulla dapibus feugiat. Aenean tempus tortor pretium nisl varius tincidunt feugiat lectus lacinia. Aenean posuere mattis ante eu bibendum. Vivamus malesuada gravida est sit amet porttitor. Integer mattis nibh eget lorem malesuada imperdiet. Vestibulum eget tempor nisi. Nunc quis sapien metus. Phasellus fringilla tincidunt eleifend.
10044,Tests of Specification for Parametric and Semiparametric Models,Journal,Journal of Econometrics,2003, 57: 277-318,"Duis vehicula, est vitae pretium imperdiet, mi nulla rhoncus lectus, at porta nisi lorem et leo. Maecenas convallis aliquam pharetra. Ut nibh tortor, pharetra ac eleifend sed, dignissim sit amet orci. Phasellus placerat enim viverra odio eleifend condimentum. Pellentesque vitae augue eu dolor pulvinar laoreet a eget enim. Sed euismod hendrerit tortor sed vulputate. Maecenas dui leo, accumsan non molestie vel, commodo nec eros. Curabitur ac turpis tellus, eu sagittis mauris. Maecenas dapibus vulputate feugiat. Curabitur in blandit turpis. Nulla lacus arcu, vehicula sed aliquam in, viverra eu lorem. Nullam ac rutrum risus. Phasellus eget magna et justo pellentesque aliquet. Nulla gravida massa blandit leo molestie consequat. Sed at metus sed risus venenatis condimentum et sed justo. Vivamus placerat mi vel neque feugiat vel aliquet arcu egestas."
10045,Adaptive Local Polynomial Whittle Estimation of Long-range Dependence,Journal,Econometrica,2004,72: 569–614,"Ut vel arcu id ante vestibulum egestas a id nisl. Curabitur lacinia gravida pretium. Duis rhoncus risus non elit lacinia varius. Sed volutpat nulla ac arcu volutpat egestas. Curabitur id ipsum sit amet nisl mattis cursus a non nibh. Class aptent taciti sociosqu ad litora torquent per conubia nostra, per inceptos himenaeos. Proin bibendum, magna eu varius rutrum, nunc tortor lobortis risus, eu feugiat tortor dolor vel eros."
10046,The Block-block Bootstrap: Improved Asymptotic Refinements,Journal,Econometrica,2004, 72: 673–700,"Praesent viverra varius rutrum. Etiam rutrum sapien vitae enim lacinia ut euismod lectus vehicula. Sed eros leo, aliquet non ornare sed, gravida sit amet dolor. Praesent dapibus imperdiet enim, at tristique sapien tempor quis. Suspendisse et vehicula libero. Curabitur gravida arcu facilisis diam gravida auctor. Donec libero lectus, vestibulum ac ultrices aliquam, lacinia sit amet ipsum. Nulla malesuada elit et augue scelerisque mollis."
10047,Cross-section Regression with Common Shocks,Journal,Econometrica,2005, 73: 1551–1585,"Nunc felis nunc, bibendum et pretium at, porta a leo. Donec nulla odio, eleifend sagittis feugiat ut, viverra eu orci. Nulla sed odio risus. Fusce non mauris vitae neque rutrum varius. Aenean in nunc et velit molestie suscipit in ut erat. Nulla nec erat velit. Duis tempus, erat in viverra adipiscing, justo metus eleifend dui, ut porta erat tellus eu justo. Aenean libero sapien, dignissim id faucibus nec, pellentesque eget nibh."
10048,Higher-order Improvements of the Parametric Bootstrap for Markov Processes,Book Chapter,Identification and Inference for Econometric Models,2005,Cambridge University Press,"Quisque sollicitudin porta felis ut lobortis. Cras enim ligula, posuere id luctus sed, scelerisque quis nunc. Pellentesque luctus placerat lorem, et sagittis velit tincidunt eu. Curabitur sollicitudin posuere nulla, ac convallis augue eleifend eu. Ut dapibus neque eu nibh auctor sed accumsan dui egestas. Aenean ac vehicula odio. Sed quis ligula lacus. Aliquam mauris velit, semper id volutpat eget, tincidunt sit amet purus. Morbi ut nunc massa, quis laoreet erat. In sodales, magna eu imperdiet vulputate, velit nunc sagittis est, at ultricies leo orci in ligula. Integer at pharetra orci. Phasellus eleifend ultrices orci semper gravida. Quisque venenatis, neque eu vestibulum bibendum, felis ipsum aliquet risus, nec tristique augue erat id lacus."
10049,Valid Edgeworth Expansions for the Whittle Maximum Likelihood Estimator for Stationary Long-memory Gaussian Time Series,Journal,Econometric Theory,2005, 21: 710-734,"Praesent velit felis, dapibus eget congue non, congue eget mauris. Donec molestie pellentesque venenatis. Cum sociis natoque penatibus et magnis dis parturient montes, nascetur ridiculus mus. Proin tempor, arcu vel bibendum venenatis, magna turpis molestie lacus, quis egestas quam urna vel dolor. Donec a massa orci. Nulla condimentum, mi sed hendrerit posuere, nisl risus aliquam sem, ac cursus sem neque in sem. Aliquam erat volutpat. Donec facilisis egestas tincidunt. Curabitur molestie risus vitae nisi varius pharetra."
10050,End-of-sample Cointegration Breakdown Tests,Journal,Journal of Business and Economic Statistics,2006, 24: 379-394,"Maecenas et lorem diam. Morbi risus ligula, consequat porttitor egestas a, dignissim non nibh. Integer sollicitudin eros id odio cursus suscipit. Etiam eu mauris sed dolor consectetur imperdiet. Mauris convallis, est sit amet faucibus bibendum, justo odio consectetur ligula, in sollicitudin urna tellus et elit. Donec tincidunt placerat orci, sed porttitor lacus faucibus in. Ut arcu elit, adipiscing non ultrices ac, egestas tristique ipsum. Sed non ligula odio, sed porta purus. Vivamus tortor lorem, fermentum ornare facilisis et, molestie eu diam. Fusce sed arcu enim, vel fringilla nunc."
10051,Higher-order Improvements of the Parametric Bootstrap for Long-memory Gaussian Processes,Journal,Journal of Econometrics,2006, 133(2): 673-702,"Sed sed turpis magna, ac interdum neque. Suspendisse quam nibh, lobortis in placerat quis, hendrerit eget nulla. Vivamus vel arcu vitae quam dignissim ullamcorper. Pellentesque quis iaculis nulla. Nam viverra condimentum enim ac fringilla. Phasellus euismod enim gravida ante tristique porta. Vestibulum ante ipsum primis in faucibus orci luctus et ultrices posuere cubilia Curae; Suspendisse et augue ac magna feugiat tristique. Aliquam quis orci vestibulum tortor porttitor lobortis posuere porta orci. Ut est dolor, rutrum vel vestibulum vitae, aliquam at libero. Proin in sapien odio, in bibendum est. Phasellus vel odio nunc. Donec dolor ante, lacinia et aliquam non, molestie ac dolor. Vivamus a porttitor dolor. Aenean lacinia nunc et ligula pellentesque venenatis."
10052,Inference with Weak Instruments,Book Chapter,Advances in Economics and Econometrics,2006,"Cambridge University Press, Ch 6","Cras libero metus, egestas non sagittis vitae, varius ut ante. Maecenas sollicitudin ante est. Aliquam erat volutpat. Nunc non eleifend augue. Cras sed congue nulla. Proin quis ipsum eget lectus imperdiet rhoncus ut vel sapien. Morbi vitae nisl libero. Suspendisse potenti. Ut pretium faucibus risus id tincidunt."
10053,Optimal Two-sided Invariant Similar Tests for Instrumental Variables Regression,Journal,Econometrica,2006,74(3): 715-752,"Etiam posuere tempus lectus, id ultricies nisi condimentum nec. Morbi consectetur sollicitudin placerat. Sed pellentesque sapien a turpis dictum pretium tincidunt lacus sodales. Ut non malesuada sem. Cras molestie aliquam lacus, vel eleifend orci porttitor a. Nunc ut orci ipsum, ornare consectetur lacus. Phasellus fermentum egestas arcu, ac rhoncus mi porta blandit. Duis a augue et erat auctor lobortis."
10054,Prioritizing Web Usability,Book,New Riders Press,2006,ISBN 0-321-35031-6,"Morbi congue neque sed lectus porttitor sit amet venenatis neque iaculis. Sed malesuada leo nec felis pretium tempus sed a ligula. Cras at nibh eros. Duis magna sapien, facilisis eu porta at, vulputate sed felis. Donec feugiat varius turpis at congue. In consequat pharetra nulla, quis dapibus risus feugiat sit amet. In dictum, dui sit amet dapibus scelerisque, odio ante eleifend magna, nec pharetra ante leo eget enim. Nullam vel dui sit amet nulla elementum molestie vel ac sapien. Class aptent taciti sociosqu ad litora torquent per conubia nostra, per inceptos himenaeos. Suspendisse potenti. Integer porttitor ligula vitae augue fringilla cursus. Ut semper aliquam sodales."
10055,Mobile Usability,Book,New Riders Press,2007,ISBN 0-321-88448-5,"Aliquam accumsan leo nec eros semper non dictum arcu ornare. Pellentesque habitant morbi tristique senectus et netus et malesuada fames ac turpis egestas. Phasellus porta, sapien at consequat lobortis, massa tortor aliquam nisi, ac pharetra magna mauris eu lorem. Ut convallis consectetur orci sit amet sagittis. Sed justo purus, tincidunt varius vehicula non, tincidunt quis tortor. In hac habitasse platea dictumst. Quisque scelerisque cursus tellus in tristique. Etiam non ante libero, sit amet dignissim nisl. Vestibulum ullamcorper iaculis vehicula. Morbi elementum malesuada lacus, eu porta velit pellentesque lobortis. Maecenas faucibus ante ut odio posuere id sodales lacus pellentesque. Suspendisse potenti. Pellentesque in metus mollis tellus accumsan rutrum. Fusce non quam eu orci cursus mattis sed vel sapien. Praesent bibendum feugiat odio, vel consequat nisl posuere id. Quisque ut leo et eros luctus pellentesque."
10056,Performance of Conditional Wald Tests in IV Regression with Weak Instruments,Journal,Journal of Econometrics,2007,139(1): 116-132,"Aliquam erat volutpat. Aenean sit amet nunc diam. Cras mollis turpis at eros lobortis a rutrum justo condimentum. Integer sit amet massa malesuada velit malesuada bibendum. Vivamus vel dui ipsum, tempus tincidunt nunc. Donec eu aliquam ligula. Quisque justo dui, porta quis vehicula ac, feugiat ultricies lectus."
10057,Rank Tests for Instrumental Variables Regression with Weak Instruments,Journal,Econometric Theory,2007, 23(6): 1033-1082,"Sed velit justo, porta commodo tincidunt accumsan, ullamcorper vulputate magna. Nunc lobortis tortor ut velit iaculis condimentum. Vestibulum eget mollis nulla. Aliquam euismod molestie vestibulum. Integer sodales justo eget tellus egestas hendrerit. Vestibulum ante ipsum primis in faucibus orci luctus et ultrices posuere cubilia Curae; Morbi ante nisi, egestas venenatis consectetur et, pulvinar non velit."
10058,Testing with Many Weak Instruments,Journal,Journal of Econometrics,2007, 138(1): 24-46,"Phasellus vestibulum rhoncus diam nec dignissim. Sed pharetra viverra leo non dapibus. Aenean fermentum bibendum ante, id mattis orci bibendum sed. Nulla nec diam tortor. Donec vitae ipsum at orci posuere ornare sed nec enim. Sed quis velit nisl. Maecenas sit amet auctor mi. Quisque suscipit, libero eget iaculis luctus, massa nulla volutpat elit, eget venenatis enim nisi sed tellus. Cras convallis, nulla ac aliquam bibendum, lacus tellus dapibus odio, vel malesuada neque dui ac elit. Duis erat orci, fringilla in porttitor et, posuere sed urna. Proin sit amet rutrum risus. Nunc convallis auctor odio, eget egestas purus rhoncus nec. Vestibulum vestibulum, nulla ut molestie dapibus, lorem tortor consequat metus, ut pellentesque nisl massa ut dui."
10059,Asymptotics for Stationary Very Nearly Unit Root Processes,Journal,Journal of Time Series Analysis,2008,29: 203-210,"Sed ut urna in enim venenatis eleifend vel vel libero. Sed sed faucibus magna. Donec a justo mauris. Sed lobortis ante non dolor porttitor eget rutrum augue vehicula. Aliquam nec arcu mauris, sit amet rhoncus dolor. In molestie molestie fermentum. Morbi a nulla ac arcu sollicitudin sollicitudin. Donec vel enim massa, id fermentum velit. Vivamus id congue urna. Maecenas tellus lorem, porta sed semper quis, vulputate non dui. Duis ac quam facilisis elit ultrices eleifend. Lorem ipsum dolor sit amet, consectetur adipiscing elit. Lorem ipsum dolor sit amet, consectetur adipiscing elit. Donec id nisi vel dui mollis consectetur pretium in justo. Aliquam scelerisque dignissim commodo."
10060,Efficient Two-Sided Nonsimilar Invariant Tests in IV Regression with Weak Instruments,Journal,Journal of Econometrics,2008, 146: 241-254,"Pellentesque semper, sapien ac suscipit bibendum, eros felis fringilla sapien, feugiat laoreet est mauris non massa. Ut malesuada elit non libero ullamcorper aliquam. Cras elit tortor, sodales sed lacinia ut, condimentum sed quam. Integer lobortis mattis urna, nec aliquet dui gravida in. Morbi non faucibus ipsum. Pellentesque dui turpis, auctor et consectetur sit amet, malesuada at ipsum. Phasellus lorem leo, aliquam a bibendum sed, porta ut nisi. Sed mollis commodo urna sit amet faucibus. Morbi rutrum mattis metus sit amet placerat. Ut ultricies enim id felis egestas semper. Cras viverra facilisis sem adipiscing vestibulum."
10061,Exactly Distribution-free Inference in Instrumental Variables Regression with Possibly Weak Instruments,Journal,Journal of Econometrics,2008, 142: 183-200,"Aenean vehicula, mi eget consectetur commodo, sem magna interdum erat, nec porta ipsum lacus et diam. Cras aliquam vehicula nibh, non suscipit lectus auctor eget. Suspendisse vehicula eleifend vulputate. Sed commodo tristique tempor. Praesent ut ante et mi mattis consectetur ac ac enim. In fermentum adipiscing nibh et porttitor. Cras mollis, eros non interdum feugiat, tortor massa egestas magna, vitae lacinia diam ligula vel leo. Fusce tellus nunc, semper pretium viverra sed, congue nec metus. Nulla facilisi. Donec bibendum mauris vestibulum diam pharetra sed cursus lacus posuere. Sed cursus laoreet ipsum vel ultricies. Aliquam dictum, dolor accumsan ullamcorper gravida, metus urna dictum augue, nec viverra risus sem sit amet turpis. Ut ut diam purus, ut adipiscing ipsum. Etiam mi erat, dictum id sagittis ut, bibendum at nisl. Morbi nunc diam, aliquet eu ultricies commodo, auctor sit amet purus. Vestibulum ante ipsum primis in faucibus orci luctus et ultrices posuere cubilia Curae;"
10062,Designing User Interfaces for International Use,Book,Elsevier Science Publishers,2009, ISBN 0-444-88428-9.,"Suspendisse fermentum metus at ipsum aliquet ullamcorper. Suspendisse urna arcu, varius at tincidunt a, pharetra in nisl. Vestibulum suscipit nibh eget magna mattis fringilla. Nullam iaculis quam quis velit vestibulum sodales. Mauris vitae velit diam. Lorem ipsum dolor sit amet, consectetur adipiscing elit. Integer nibh purus, molestie vitae elementum ut, consequat quis augue. Aenean pulvinar lectus vitae mauris pretium quis cursus purus rutrum. Donec ut rhoncus nibh. Nulla facilisi. Cras rhoncus orci sit amet dolor euismod non blandit sapien interdum. Sed neque leo, dignissim eu vehicula eu, consequat ut arcu. Proin ultricies malesuada velit nec luctus."
10063,Hybrid and Size-Corrected Subsampling Methods,Journal,Econometrica,2009, 77(4),"Pellentesque eget magna vel justo varius commodo eu sed sapien. Mauris nisl arcu, dictum in adipiscing at, aliquet a diam. Ut vulputate viverra neque, ac tristique felis ultricies sed. In hac habitasse platea dictumst. Sed mollis convallis velit quis vestibulum. Etiam sollicitudin lorem non justo interdum pharetra. Proin egestas velit quis est tempus eleifend. Integer luctus cursus pellentesque. Nulla at erat eu dui sollicitudin condimentum. Aliquam congue, purus ut ornare sollicitudin, purus enim hendrerit arcu, et hendrerit urna leo et magna."
10064,Hypertext and Hypermedia,Book,Academic Press,2009, ISBN 0-12-518410-7,"Fusce ac turpis luctus purus tempor cursus et vel sem. Phasellus ac blandit massa. Ut quam ante, dapibus sed ultricies ullamcorper, ultricies nec orci. Cras lorem mi, rhoncus vel fringilla vitae, cursus eu augue. Morbi scelerisque sem et erat ornare in facilisis nunc hendrerit. Ut consectetur justo id turpis faucibus malesuada. Donec congue malesuada nulla, sed ultrices purus auctor quis. Donec bibendum aliquam molestie. Mauris sollicitudin tellus nec augue tristique sed vulputate tellus vestibulum. Nullam viverra quam eu lorem hendrerit a porta tortor malesuada. Ut tristique ultrices sem eu elementum. Donec vehicula felis vel nisl bibendum viverra."
10065,Incorrect Asymptotic Size of Subsampling Procedures Based on Post-Consistent Model Selection Estimators,Journal,Journal of Econometrics,2009, 152(1): 19-27,"Aenean sit amet urna ante, quis porttitor augue. In adipiscing porta diam, rhoncus ornare leo euismod quis. Curabitur eu purus ac dui eleifend bibendum. Aenean a urna turpis, a rhoncus lacus. Sed eu enim vel metus varius faucibus. Nullam dictum tortor quis est molestie quis iaculis odio hendrerit. Nulla ut diam dolor, quis sodales odio. Aenean suscipit consectetur metus quis ultricies. Cras euismod euismod lacus eu congue. Aliquam vel libero elit."
10066,Invalidity of the Bootstrap and the m Out of n Bootstrap for Confidence Interval Endpoints Defined by Moment Inequalities,Journal,Econometrics Journal,2009, 12(2): S172-S199,"Sed sit amet libero nunc. Duis ac mollis elit. Morbi mauris felis, ultrices eu sagittis et, interdum id nisi. Pellentesque ultrices, justo semper scelerisque porta, mauris mauris mattis risus, vel viverra turpis dolor eget lorem. Sed aliquam neque sed risus egestas interdum. Sed sit amet neque eget est ornare feugiat. Curabitur congue egestas diam eu congue. Donec porttitor feugiat ultricies. Vestibulum ante ipsum primis in faucibus orci luctus et ultrices posuere cubilia Curae; Ut iaculis sapien in ante gravida in molestie dui consectetur. Nam vestibulum fringilla aliquet. Pellentesque scelerisque, turpis rutrum condimentum eleifend, risus justo varius arcu, lacinia consequat nulla lacus quis est. Duis lacinia cursus iaculis."
10067,Usability Engineering,Book,Academic Press,2009, ISBN 0-12-518405-0,"Nullam accumsan sollicitudin iaculis. Donec non neque orci, et ultricies tortor. Integer nec mi leo, et euismod purus. Pellentesque eget odio at ante vehicula ornare et gravida ligula. Duis vel lorem eros. Fusce porta, enim vitae aliquet elementum, libero justo consequat massa, ac consequat diam ligula fermentum nibh. Sed ut orci vitae sapien lacinia mollis."
10068,Usability Inspection Methods,Book,John Wiley & Sons,2009,ISBN 0-471-01877-5,"Donec sed eleifend nisl. In hac habitasse platea dictumst. Curabitur tempus luctus justo ac tincidunt. Proin volutpat commodo mi, et gravida ipsum faucibus ut. Aliquam porttitor aliquet quam, a iaculis magna pulvinar non. Donec viverra arcu vitae leo dictum adipiscing. Proin justo nulla, convallis sit amet accumsan quis, ultricies lobortis nisi. Curabitur bibendum turpis vitae libero porttitor vestibulum. Mauris erat ante, cursus non consequat et, feugiat eu orci. Donec sodales consequat porttitor. Donec non eros id sapien condimentum luctus at ut odio."
10069,Validity of Subsampling and 'Plug-in Asymptotic' Inference for Parameters Defined by Moment Inequalities,Journal,Econometric Theory,2009, 25(3): 669-709,"Pellentesque facilisis, urna nec tincidunt luctus, nisi dui rutrum nunc, sed bibendum erat erat non est. Etiam pulvinar blandit augue, id tincidunt ipsum suscipit eget. Sed arcu justo, fringilla sit amet luctus at, rhoncus a mi. Vestibulum nunc purus, congue at luctus ut, vulputate quis sapien. Phasellus ullamcorper, mi et rhoncus facilisis, ligula nulla rhoncus dui, sit amet pretium neque erat sit amet neque. Mauris sed neque id quam tempus lobortis. Suspendisse potenti. Sed ut odio at nisl faucibus iaculis et ut lorem. Nam elementum nisi commodo tortor porttitor non aliquam metus bibendum. Donec hendrerit venenatis risus eu interdum. Phasellus lacinia, massa ut ornare fringilla, lectus velit condimentum lorem, et imperdiet metus enim ac ante. Aliquam at lorem sed nibh fermentum auctor. Sed augue velit, elementum vitae pharetra eu, faucibus id lacus. Fusce vulputate aliquet nulla, quis euismod nunc pharetra eu. Aliquam eu metus vel est consectetur auctor vel sit amet magna."
10070,Asymptotic Size and a Problem with Subsampling and with the m Out of n Bootstrap,Journal,Econometric Theory,2010,26,"Nunc semper bibendum tortor ultrices sagittis. Nullam leo leo, euismod lobortis gravida vitae, imperdiet et augue. Duis fringilla rhoncus enim, quis volutpat turpis elementum et. Sed imperdiet aliquet neque, a volutpat mauris placerat ac. Vestibulum varius mattis augue vitae faucibus. Maecenas eleifend dictum elit, vel tempus lacus accumsan in. Cras pulvinar pellentesque congue. Phasellus lacinia molestie erat, nec pulvinar ipsum euismod varius. Aliquam felis lorem, pulvinar eget eleifend vel, semper a sapien. Sed sed metus ut velit tempus rhoncus. Mauris commodo tincidunt urna ac cursus."
10071,Eyetracking Web Usability,Book,New Riders Press,2010,ISBN 0-321-49836-4,"Duis massa magna, fermentum quis lacinia id, accumsan a nisi. Donec aliquam posuere risus, nec sagittis libero porta vel. Pellentesque augue nibh, euismod eu faucibus eu, luctus quis nibh. Quisque in urna quam, id tincidunt mauris. Proin in arcu diam. Suspendisse et eros ut orci ullamcorper mattis. In hac habitasse platea dictumst. Quisque dictum placerat nulla, tristique vehicula tortor dapibus sit amet. Ut a sodales sem."
10072,A Simplified Proof of a Theorem on the Difference of the Moore-Penrose Inverses of Two Positive Semi-Definite Matrices,Journal,Communications in Statistics,2011,15(10): 2973-2975,"Nam vel eros eget velit eleifend egestas vel vitae ante. Vivamus dictum pharetra libero vitae accumsan. Nam nunc lectus, luctus sit amet ultrices in, vehicula a sapien. Vivamus a tellus sapien. Vestibulum viverra dui ut tellus feugiat placerat. Suspendisse potenti. Cras in lacus augue. Maecenas nec tortor ac nibh lobortis porta vel id arcu. Integer nibh metus, hendrerit vitae fermentum vitae, aliquam sit amet orci. Morbi at orci id orci venenatis lacinia. Curabitur sit amet nibh at tortor tristique aliquet ac at massa. Praesent cursus mi non nisi eleifend eleifend."
10073,Additive Interactive Regression Models: Circumvention of the Curse of Dimensionality,Journal,Econometric Theory,2011, 6: 466-479,"Mauris sit amet eros non lectus laoreet pretium eget quis leo. Suspendisse vehicula tellus eget mauris tempus commodo. Nullam imperdiet, dolor vitae bibendum blandit, nisi dolor congue nibh, quis consectetur enim nibh vel tortor. Mauris elit risus, tincidunt at sollicitudin ut, sollicitudin vel leo. In rutrum felis non ligula ullamcorper adipiscing. Maecenas ornare purus eget metus sollicitudin rutrum. Curabitur enim dolor, rutrum et hendrerit nec, porta a metus. Ut in sem justo, non feugiat sem. Mauris vitae risus ligula. Pellentesque et nunc leo, at auctor nunc. In ac vestibulum purus. Aenean in odio quam."
10074,Admissibility of the Likelihood Ratio Test When A Nuisance Parameter Is Present Only Under the Alternative,Journal,Annals of Statistics,2011, 23: 1609-1629,"Integer velit eros, molestie et porttitor ac, adipiscing hendrerit odio. Duis vel odio velit, et suscipit odio. In hac habitasse platea dictumst. Nulla porta, velit vitae varius posuere, quam lorem pharetra neque, quis blandit mauris mauris in risus. Phasellus porttitor elementum dolor sed molestie. Phasellus justo libero, congue aliquam venenatis non, fermentum vehicula massa. Donec luctus hendrerit eleifend. Maecenas eget eros augue. Nunc lobortis turpis vitae ipsum vehicula nec ultricies erat mattis. Praesent id sapien urna, ac porttitor erat. Etiam pulvinar urna vitae lorem consequat quis mollis ante pulvinar."
10075,Advances in HCI Vol. 5,Book,Ablex,2011,ISBN 1-56750-199-0,Nam sodales odio a ligula tempor a interdum lorem lacinia. Integer scelerisque tellus vitae velit aliquam congue. Nulla facilisi. Nam hendrerit nibh sit amet justo iaculis luctus. Donec congue magna quis eros cursus quis consectetur elit interdum. Morbi blandit consequat leo in ornare. Praesent sed tortor turpis. Nunc consequat sollicitudin commodo. Aenean placerat lorem scelerisque sapien consequat malesuada vel vitae orci.
10076,An Improved Heteroskedasticity and Autocorrelation Consistent Covariance Matrix Estimator,Journal,Econometrica,2011,60: 953–966,"Cum sociis natoque penatibus et magnis dis parturient montes, nascetur ridiculus mus. Pellentesque fringilla blandit ligula vel vehicula. Aenean volutpat suscipit lacinia. Vivamus tempor porttitor aliquet. Etiam luctus iaculis commodo. Morbi fringilla iaculis aliquet. Sed at elementum metus. Aliquam pulvinar arcu a odio tristique hendrerit non scelerisque nibh."
10077,An Introduction to Econometric Applications of Empirical Process Theory for Dependent Random Variables,Journal,Econometric Reviews,2011,12: 183-216,"Aliquam eget nisl at magna congue posuere. Pellentesque sit amet libero justo, in semper eros. Nunc sed ante urna. Aliquam et eros nec ipsum mattis pellentesque sed ac est. Quisque tempus sapien non sapien dictum varius. Etiam tellus velit, egestas at feugiat a, varius id urna. Nulla ut pharetra nisl. Nulla non porttitor enim. Phasellus eget velit quis nibh pharetra pulvinar sed non mi. Nunc elit urna, tempor ac ultricies a, commodo id sem. Ut tincidunt risus tincidunt ante volutpat dapibus. Phasellus a tortor vel ligula pellentesque blandit. Nullam sit amet tortor diam. Vivamus euismod est nec dolor adipiscing cursus. Maecenas elementum vulputate orci a vulputate."
10078,An Introduction to Functional Central Limit Theorems for Dependent Stochastic Processes,Journal,International Statistical Review,2011,62: 119-132,"Vivamus justo massa, ultricies et gravida ac, dictum lacinia urna. Nulla facilisi. Phasellus eget orci sem, ut semper mauris. Donec ullamcorper ultrices ligula, a gravida nunc facilisis vel. Vivamus feugiat laoreet nunc, at facilisis nisi dignissim a. Cum sociis natoque penatibus et magnis dis parturient montes, nascetur ridiculus mus. Donec in orci sit amet eros pulvinar hendrerit. Fusce aliquam accumsan libero, sed aliquam justo dictum sed. Pellentesque eu mi vel erat consequat ornare. Fusce at libero felis. Morbi lectus nibh, malesuada ac vestibulum eget, pharetra nec ante. Donec mattis pharetra augue non dignissim. Cum sociis natoque penatibus et magnis dis parturient montes, nascetur ridiculus mus. In nec elit lacus, at commodo risus. Nullam bibendum est a velit egestas cursus. Class aptent taciti sociosqu ad litora torquent per conubia nostra, per inceptos himenaeos."
10079,Best Median Unbiased Estimation in Linear Regression with Bounded Asymmetric Loss Functions,Journal,Journal of the American Statistical Association,2011,82: 886-893,"Maecenas cursus justo elementum mi blandit non lobortis tortor consectetur. Nulla facilisi. Class aptent taciti sociosqu ad litora torquent per conubia nostra, per inceptos himenaeos. Suspendisse at varius dui. Sed sagittis diam in ligula gravida a auctor justo porttitor. Sed at ipsum arcu, sit amet elementum mi. Mauris quis tempor lacus. Etiam vel lacus vitae enim placerat scelerisque. Sed non feugiat dui. Ut ac pretium ipsum. Morbi ac orci id libero mollis ultrices. Cras id erat id velit viverra elementum quis a eros."
10080,Complete Consistency: A Testing Analogue of Estimator Consistency,Journal,Review of Economic Studies,2011,53: 263-269,"Lorem ipsum dolor sit amet, consectetur adipiscing elit. Pellentesque eget risus in est gravida porttitor. Lorem ipsum dolor sit amet, consectetur adipiscing elit. Duis eleifend, orci a sollicitudin vulputate, massa nibh pellentesque nulla, vitae porta orci leo nec ligula. In dignissim interdum sodales. Sed dapibus, metus nec euismod cursus, dui ante mattis arcu, ut blandit mi lorem scelerisque mi. In posuere dui sit amet tortor rutrum at faucibus libero auctor. Cras tincidunt laoreet purus eget accumsan. Integer lectus tortor, feugiat vel commodo ut, accumsan quis nunc. Morbi pellentesque, enim ut congue convallis, sapien mi condimentum augue, at interdum nibh ligula vitae odio. Sed posuere, ante nec imperdiet ullamcorper, mi diam condimentum nulla, vitae consectetur lacus felis quis diam. Nam eget imperdiet tortor. Quisque vulputate lobortis enim eu ultricies. Donec eget metus enim, non bibendum neque. Aliquam a arcu diam."
10081,Designing Web Usability: The Practice of Simplicity. New Riders Publishing,Book,New Riders Press,2011,ISBN 1-56205-810-X,"Aliquam id dui eu lacus egestas tempus eu quis sapien. Mauris consequat, felis vel dictum hendrerit, dolor nibh aliquet turpis, nec placerat turpis ipsum luctus elit. Phasellus vel enim magna, a dapibus nisi. Maecenas et velit sem. Ut mattis adipiscing tortor, id congue lorem condimentum et. Aliquam erat volutpat. Sed pretium eleifend arcu, nec aliquet velit tincidunt at. Vestibulum ante ipsum primis in faucibus orci luctus et ultrices posuere cubilia Curae; Praesent urna libero, pharetra eget consequat ut, pharetra ac tellus."
10082,Empirical Process Methods in Econometrics,Book Chapter,Handbook of Econometrics,2011, ed. by R.F. Engle and D. McFadden. New York: North-Holland  2247-2294,"Sed consequat, tellus in feugiat bibendum, tellus diam aliquet neque, at posuere nunc dolor ut velit. Mauris at mi orci. Morbi eget lacus metus. Curabitur facilisis aliquet nulla, eget viverra elit congue sed. Mauris suscipit rhoncus dolor ut condimentum. Maecenas vitae tortor elit, elementum eleifend mi. Integer dapibus consequat condimentum. Phasellus nisl elit, porttitor ac pharetra ac, gravida sed odio. Cras urna diam, convallis euismod gravida tempor, sodales in arcu. Cras blandit dolor et eros euismod sed euismod eros facilisis. Aenean interdum rhoncus ipsum, id iaculis augue bibendum sit amet. Proin sollicitudin commodo justo nec porta. Ut eleifend cursus pellentesque."
10083,Generic Uniform Convergence,Journal,Econometric Theory,2011, 8: 241-257,"Aenean tellus turpis, elementum a adipiscing a, consectetur vitae ante. Donec sed nunc elit, vitae malesuada urna. Curabitur vitae orci lectus. In non nibh viverra augue blandit facilisis. Integer tincidunt convallis quam et pellentesque. Proin elementum commodo arcu eu consectetur. Praesent a nisl lectus."
10084,Inference in Nonlinear Econometric Models with Structural Change,Journal,Review of Economic Studies,2011,55: 615–640,"Pellentesque felis turpis, lobortis quis gravida at, congue at magna. Donec commodo pharetra velit, at pellentesque dolor venenatis ultricies. Vestibulum ante ipsum primis in faucibus orci luctus et ultrices posuere cubilia Curae; Ut in risus sem, a suscipit ligula. Phasellus iaculis, arcu a suscipit porttitor, libero lectus laoreet tellus, semper dignissim est lorem id lacus. Cum sociis natoque penatibus et magnis dis parturient montes, nascetur ridiculus mus. Class aptent taciti sociosqu ad litora torquent per conubia nostra, per inceptos himenaeos. Integer vitae neque eget dui pulvinar gravida. Nunc aliquet dui consectetur urna facilisis non eleifend dui convallis."
10085,International User Interfaces,Book,John Wiley & Sons,2011,ISBN 0-471-14965-9,"Cras purus est, posuere eu hendrerit vel, lobortis quis lorem. Lorem ipsum dolor sit amet, consectetur adipiscing elit. Donec leo sapien, cursus ut dictum eu, luctus eget sapien. Sed libero massa, lacinia et auctor eget, faucibus vel arcu. Curabitur ac varius diam. Aliquam scelerisque lorem a leo malesuada interdum. Vestibulum massa nunc, iaculis eget pretium quis, ultrices in nisl. Nunc sed lorem ut sapien auctor elementum. Fusce hendrerit nibh non metus eleifend tristique. Nam vulputate tempor leo, vel placerat massa egestas quis. In non dui id augue pretium porttitor. Praesent est nisi, accumsan id sollicitudin non, tempus ac tellus. Cum sociis natoque penatibus et magnis dis parturient montes, nascetur ridiculus mus. Mauris tempus odio sed tortor ultricies sagittis."
10086,Laws of Large Numbers for Dependent Non-Identically Distributed Random Variables,Journal,Econometric Theory,2011, 4: 458-467,"Maecenas consectetur, purus ut tempus viverra, tellus velit lobortis sapien, at aliquet orci leo sit amet mauris. Nam porttitor posuere libero, ut lacinia arcu gravida quis. Etiam est elit, ullamcorper eu luctus vel, iaculis in mi. Cras egestas ipsum sed ante convallis hendrerit. Praesent rhoncus lorem nisi, condimentum vestibulum quam. Pellentesque habitant morbi tristique senectus et netus et malesuada fames ac turpis egestas. Nulla facilisi. Sed imperdiet metus vitae elit fermentum sed porta ligula consequat. In libero massa, egestas non interdum a, porttitor ac dui. Donec vestibulum sem vel tortor tristique vel vehicula magna ornare."
10087,Multimedia and Hypertext: The Internet and Beyond,Book,AP Professional,2011,ISBN 0-12-518408-5,"Nunc quis porttitor risus. Vivamus placerat mi sed sem aliquet faucibus. Donec scelerisque, mi ac fringilla mattis, orci dolor porta lorem, eget blandit massa sapien at odio. Donec vel urna arcu. Fusce ut turpis neque. Maecenas adipiscing ultricies dolor ut porta. Aenean malesuada erat vel sem adipiscing in fermentum leo accumsan. Nulla vel tellus sed nisl eleifend facilisis nec lobortis nisi. In in velit ac lorem pellentesque ornare. Sed scelerisque augue non dolor mollis vitae interdum lectus dignissim. Mauris fringilla feugiat est sed iaculis. Aliquam arcu risus, tincidunt in tincidunt bibendum, pharetra eu dui. Donec nec venenatis nibh."
10088,Nonlinear Econometric Models with Deterministically Trending Variables,Journal,Review of Economic Studies,2011,62: 343–360,"In molestie nulla eget leo placerat facilisis. Aliquam lobortis vestibulum volutpat. Etiam cursus congue arcu, sit amet pretium justo bibendum at. In convallis pulvinar hendrerit. Curabitur ornare interdum luctus. Praesent hendrerit est id ligula viverra consequat malesuada velit molestie. Fusce a imperdiet ante."
10089,Nonparametric Kernel Estimation for Semiparametric Econometric Models,Journal,Econometric Theory,2011, 11: 560-596,"Nulla aliquam viverra est, ac euismod risus sollicitudin dictum. Quisque at felis vitae urna consectetur sollicitudin vel ut libero. Duis molestie quam lacinia urna egestas et vulputate lacus mattis. Duis viverra feugiat lacus id sollicitudin. Etiam mattis urna ac nulla laoreet eu consectetur augue bibendum. Vestibulum nulla elit, adipiscing eget lobortis in, fringilla vitae dui. Maecenas vel eleifend orci. Nam quis ipsum odio, ut lobortis mi. Maecenas auctor ultricies ipsum ut sagittis."
10090,Non-Strong Mixing Autoregressive Processes,Journal,Journal of Applied Probability,2011,21: 930-934,"Phasellus hendrerit tortor in risus semper sit amet ornare ipsum laoreet. Proin ac eros nec lectus pulvinar elementum nec sit amet urna. Nam ultricies blandit facilisis. Fusce risus elit, tempor mollis condimentum auctor, egestas non neque. Proin id pulvinar mauris. Maecenas et ante nec nisi ultrices volutpat nec id velit. Donec eu odio sit amet sapien consectetur commodo eget nec turpis. Nam tincidunt diam ut ipsum venenatis at imperdiet metus faucibus. Ut placerat fermentum faucibus."
10091,Robust Estimation of Location in a Gaussian Parametric Model,Journal,Advances in Econometrics,2011, 7: 3-44,"Quisque mattis sollicitudin erat a pharetra. Donec id libero ultrices velit aliquam posuere eu non metus. Etiam purus purus, aliquet a consequat ut, convallis in augue. Proin sed velit erat, quis imperdiet nisi. Maecenas vitae diam a odio aliquam ornare vitae non lectus. Nam eu leo erat, sed viverra dui. Quisque at augue est, non ornare arcu. Sed elit nunc, vulputate et iaculis eu, interdum a tortor. Ut euismod sapien eu quam ultricies non eleifend lacus imperdiet. Donec quis adipiscing velit. Integer vitae arcu sed ligula tristique blandit. Integer quis lorem vitae mauris adipiscing bibendum. Curabitur nec eleifend diam. Cras ligula massa, adipiscing nec vehicula et, faucibus eget eros."
10092,Semiparametric Estimation of the Intercept of a Sample Selection Model,Journal,Review of Economic Studies,2011,65: 497-517,"Vestibulum ante ipsum primis in faucibus orci luctus et ultrices posuere cubilia Curae; Ut eget magna sem, in ultrices odio. Aenean nec libero massa, vel consectetur dui. Maecenas urna dolor, rhoncus ac luctus sed, faucibus sit amet lectus. Class aptent taciti sociosqu ad litora torquent per conubia nostra, per inceptos himenaeos. Sed in massa sem. Curabitur in neque arcu. Donec id augue non lectus tempus pharetra. Integer lobortis dictum vestibulum. Duis et ipsum non ligula sagittis dignissim."
10093,Testing for Serial Correlation Against an ARMA(11) Process,Journal,Journal of the American Statistical Association,2011,91: 1331–1342,"Cras facilisis, mi nec pellentesque elementum, magna nibh tristique ante, at lacinia leo ante tempus metus. Proin lacus dui, accumsan nec blandit a, lobortis ut eros. Nullam vitae velit quam, ac convallis metus. Lorem ipsum dolor sit amet, consectetur adipiscing elit. Pellentesque nec fermentum purus. Aliquam justo nisl, feugiat quis pharetra quis, aliquam at justo. Duis vehicula feugiat ipsum. Ut porttitor sollicitudin bibendum. Pellentesque molestie eleifend urna eget consectetur. Morbi vestibulum accumsan dui ac pretium. Pellentesque posuere sagittis fermentum. Pellentesque id sem felis. Nullam et turpis a massa pharetra tempor. Pellentesque nulla arcu, euismod placerat elementum a, rutrum eget tellus."
10094,Tests for White Noise Against Alternatives with Both Seasonal and Non-seasonal Serial Correlation,Journal,Biometrika,2011, 85: 727-740,"Integer at diam felis. Vivamus non arcu ligula, at volutpat felis. Vestibulum id purus at ante sollicitudin volutpat. Fusce lacinia, enim id dapibus molestie, mauris erat egestas erat, ac eleifend libero libero non purus. Donec facilisis euismod nisl, pellentesque sagittis lectus elementum nec. Morbi semper porta fermentum. Nam eleifend nisi sed erat suscipit convallis. Donec vel turpis neque, ut consectetur felis. Cras convallis gravida sagittis. Aliquam faucibus facilisis sagittis. Pellentesque mollis ligula a nisi placerat sollicitudin sed quis urna. Ut ut dictum nunc. Nunc vestibulum nulla sit amet justo aliquam ullamcorper iaculis sapien varius. Sed nec nulla a mi rhoncus ullamcorper at eget libero."
10095,The Large Sample Correspondence Between Classical Hypothesis Tests and Bayesian Posterior Odds Tests,Journal,Econometrica,2011,62: 1207-1232,"Nam placerat ultricies tellus in viverra. In sem orci, sodales eget lacinia nec, sagittis non orci. Donec aliquam mauris in massa consequat venenatis. Maecenas arcu urna, malesuada vel tincidunt nec, consectetur non lorem. Cras vehicula scelerisque faucibus. Suspendisse tempor, lorem vel sagittis aliquet, est mauris ornare sem, eget placerat dolor turpis a ligula. Suspendisse eget ligula est. Pellentesque purus lacus, congue a mollis scelerisque, venenatis eu dui. Quisque luctus elementum justo a lobortis. Sed ligula lectus, pulvinar quis scelerisque et, ornare non libero. In quam lorem, porttitor nec fermentum ac, tempor vitae risus. Nullam vehicula enim quis tortor hendrerit congue. Maecenas molestie risus vitae urna imperdiet quis mattis dui sagittis. Nullam dictum ipsum quis lectus tempor aliquet."
